index,시설명,size,user,latitude,longitude,Population_woman,Population_man,under10,10대,20대,30대,40대,50대,60대,70대,80대,90대,transit_count,도서시설,전시시설,공연시설,지역문화활동시설,total
1,횡성문화예술회관,1148,,37.4892291,127.975833,14527,14707,2587,3729,3883,4214,6616,10231,12681,6434,3567,348,5,2,0,1,1,4
2,화천문화예술회관,670.6,,38.1087009,127.7048176,5852,6196,1578,1672,1911,1974,2777,3326,3587,2329,1340,83,5,2,2,1,2,7
3,화순 하니움 문화스포츠센터,17124,371,35.0501633,126.9685787,38862,35935,9884,13081,16203,14967,21189,24576,22151,14775,9897,1203,11,2,4,1,2,9
4,화성어린이복합문화센터,12885,,37.2123704,126.9607148,424169,434404,145230,173700,247775,279848,310913,286208,200061,79594,27541,1312,17,13,6,3,5,27
5,홍천문화예술회관,694,,37.6846629,127.8753818,18210,18114,4857,6738,6704,7276,10717,12892,12157,6016,3297,171,6,2,1,2,1,6
6,홍천문화센터(홍천문화원),2400,,37.6825302,127.8774469,18210,18114,4857,6738,6704,7276,10717,12892,12157,6016,3297,171,4,2,1,2,1,6
7,홍주문화회관,3066,4992,36.5944058,126.6517613,43249,42039,10527,15449,15791,15893,21994,25083,26348,16477,11281,1022,9,2,7,2,1,12
8,홍성문화원,425.28,,36.5924367,126.6744165,42438,41413,10857,15637,15676,16127,22237,24386,25668,15820,10665,955,3,2,5,2,1,10
9,호암예술관,889,2604,36.9625701,127.9264046,81603,82215,19193,30816,39468,34219,47581,56899,51784,25225,13689,820,7,4,5,2,2,13
10,해운대문화회관,1492,16413,35.1711625,129.17398,525309,479237,112455,155083,226133,231729,299840,336519,338276,190823,72816,3698,38,17,4,3,6,30
11,해남문화예술회관,3620,2598,34.5733194,126.5996445,15387,14873,2200,3801,3263,3295,6006,9633,12050,9113,6021,557,4,2,3,1,2,8
12,합천군문화예술회관,485,,35.5646051,128.1701754,9104,8627,815,2130,2956,1749,3150,6278,7956,5607,4390,561,2,1,1,1,1,4
13,함양문화예술회관,5428,6025,35.5239885,127.72336,12369,11704,1405,2473,2237,2459,4752,9261,11596,7588,5523,590,0,1,1,1,1,4
14,함안문화원,902,,35.2838983,128.4014548,16105,16361,2875,4893,3671,4267,7961,11575,13511,7877,5218,638,2,1,1,2,2,6
15,함안문화예술회관,4641.06,18189,35.2832,128.401468,16105,16361,2875,4893,3671,4267,7961,11575,13511,7877,5218,638,2,1,1,2,2,6
16,한중문화관,640,499,37.4739009,126.6167684,672965,669306,186866,233568,323789,372606,438542,454664,387126,174396,66531,3711,16,22,18,12,12,64
17,한전아트센터,6145.27,79381,37.4856988,127.0279981,1412265,1305561,299332,422678,826211,864651,849592,828354,691543,377841,125184,3899,19,50,51,20,5,126
18,한국효문화진흥원,,,36.2860361,127.3838096,512285,496217,130848,191410,286503,251364,308574,322351,276926,136930,57604,3757,5,12,8,9,5,34
19,한국콘텐츠진흥원 CKL스테이지,,6039,37.5704461,127.0087332,2011404,1837348,406168,558873,1177507,1151214,1168688,1236501,1060211,592394,236175,6411,29,83,134,37,16,270
20,한국전통문화전당,3987,,35.8210114,127.1485861,332027,318464,86964,133910,174078,150639,199740,214198,170934,91069,42739,3379,17,13,17,8,6,44
21,한국의집,,,37.5614603,126.9939265,2078920,1893267,418371,568703,1227629,1214625,1203353,1252124,1065010,602611,239178,6290,24,82,135,34,16,267
22,한국예술종합학교 [서초],19001,,37.4776487,127.0104477,1330246,1233397,281506,404493,765297,806476,808001,792016,665886,371934,125341,3882,10,49,40,19,7,115
23,한국예술종합학교,10585,,37.6037986,127.0558626,1746702,1617048,356379,502573,977025,945980,1002604,1115609,984798,530719,210661,7085,0,76,78,28,17,199
24,한국소리터,27183,892,36.9216504,126.9212847,31288,35245,11632,14088,15257,19216,25990,22799,15628,7092,3960,332,1,1,2,2,1,6
25,한국소리문화의전당,36574,82022,35.8529868,127.1342766,341663,328503,90537,139163,180957,156016,206801,220627,176257,94138,44402,3454,2,17,17,10,8,52
26,한국방송회관 코바코홀 (구. 브로드홀),926,11964,37.5269334,126.8713879,2059442,1929962,440060,581683,1195077,1254749,1209873,1250428,1103358,573670,207148,7289,21,64,23,20,15,122
27,한국문화의집 KOUS,1358,2657,37.506839,127.0604679,1647081,1520413,374446,502123,872769,987395,1014292,1006132,861870,455352,147103,5133,28,64,51,24,8,147
28,한국만화박물관,14850,7150,37.5120435,126.7465862,1404793,1353593,335213,447370,699281,775457,858683,981306,849393,360899,133361,8269,13,38,14,13,10,75
29,학산소극장,445,650,37.4495,126.6618902,981885,962023,258401,341224,475938,527224,625066,667863,567406,252180,96709,5798,5,32,19,16,14,81
30,하동문화예술회관,972,,35.0722488,127.741107,9626,9376,667,1311,1522,1557,3012,5845,7826,6134,4500,599,3,1,0,1,1,3
31,하남문화예술회관,2799,30950,37.544466,127.2071065,622881,595159,182561,210496,276711,355236,405907,387386,345403,163597,49397,2687,34,20,9,2,4,35
32,플랫폼 창동 61 (폐관),2241,546,37.6542381,127.0485317,1230770,1138415,245133,369198,664072,615199,700238,792358,705702,387580,157809,5449,27,51,30,13,10,104
33,포항청소년수련관,,,36.0752493,129.3995147,167423,166003,41944,55811,63218,70847,96654,119243,116700,54868,21439,1984,10,5,3,5,1,14
34,포항시청 대잠홀,863,11005,36.0191284,129.3434521,202952,207297,52786,72292,78794,86871,120591,143554,139155,65133,27005,2171,8,6,2,5,1,14
35,포항시립중앙아트홀,661,,36.0419406,129.3653749,208960,210884,51339,71729,80539,86626,120372,148331,145195,68451,28046,2371,24,7,3,5,1,16
36,포항문화예술회관,12943,21978,36.0096221,129.3656802,196801,201520,52820,72169,77434,86026,120740,140950,136131,63342,25709,2044,7,8,2,5,2,17
37,포천반월아트홀,3095,6804,37.8957651,127.2121843,35145,38349,6250,10947,19661,13192,17018,26720,26230,11875,6428,458,5,4,1,1,1,7
38,평택시서부문예회관,4518,5768,36.9898834,126.9199732,47562,55725,15913,20347,22568,28000,37826,33338,23711,10815,5639,373,11,3,1,2,1,7
39,평택시북부문예회관,5099,2145,37.0665468,127.064966,207466,222507,71254,80374,112844,133684,148778,141778,93806,39342,17216,992,23,9,0,1,0,10
40,평택시남부문예회관,6723,6954,36.9910695,127.1139476,202197,212128,73336,81428,102586,126655,144840,135838,91983,38671,18209,992,28,7,0,1,2,10
41,평촌아트홀,893,8604,37.3795866,126.9642881,584495,565097,158330,207659,282957,324614,361410,410515,333010,133932,54564,3245,14,24,9,8,6,47
42,평창문화예술회관,624,,37.3618745,128.3907591,4540,4721,242,414,608,666,1341,3491,5271,3064,1680,96,4,1,0,1,1,3
43,파주운정행복센터,,15829,37.7238773,126.7512267,465013,438986,137363,184030,206888,239374,308471,328967,219057,94638,50788,3345,8,21,5,4,6,36
44,파주시민회관,3672,2220,37.7586499,126.7806156,316849,308961,100387,124859,138953,168524,213424,221991,152627,68809,35263,2693,11,16,1,3,4,24
45,트라이보울,3159,6254,37.3941,126.635,503357,501666,146706,194915,250888,273424,338366,333550,260062,113151,44984,2831,13,19,16,8,8,51
46,통진두레문화센터,455,2998,37.6957124,126.5868302,97458,99099,38667,39534,37070,59562,73585,57378,49009,23372,9305,648,3,3,5,1,1,10
47,통영시민문화회관,9768,2878,34.8412374,128.4295051,54470,53652,11597,20018,15689,18972,33323,38773,39670,20969,8363,435,7,4,4,2,1,11
48,통영국제음악당,7753,19377,34.8261198,128.4396986,54171,53418,11622,19968,15383,18835,33335,38416,39187,20660,8350,430,2,4,4,2,1,11
49,토당청소년수련관,1878,,37.6247462,126.8279137,864635,793472,211715,278832,404378,477201,533285,565641,456657,219409,98341,4620,10,22,17,5,4,48
50,태안군문화예술회관,991,4943,36.754777,126.3126245,19919,20176,3516,5474,7200,6425,9793,13880,14482,9811,5857,553,3,2,1,1,2,6
51,태백문화예술회관,4339,5177,37.1716436,128.9876701,20925,21070,3705,6274,5457,6147,11800,15235,17157,10628,4923,315,8,3,2,1,2,8
52,칠곡군교육문화회관,10041,2597,35.9914658,128.4176131,27198,27781,7481,7444,7319,12146,16719,18186,19460,11329,7049,552,3,2,3,1,2,8
53,충청북도학생교육문화원,,527,36.688144,127.49251,326283,328385,101485,127640,174633,183409,210862,210782,167900,72568,34614,2396,0,14,14,3,3,34
54,충주시문화회관,5753,19212,36.9721298,127.9351457,81448,81802,19197,30778,39492,34241,47639,56995,52179,25487,13833,830,21,4,5,2,2,13
55,충무아트센터,5057,382647,37.56731,127.0163823,1986182,1819254,405610,569813,1147923,1122053,1159132,1217408,1031903,573192,224959,6328,27,85,135,37,16,273
56,충남학생교육문화원,,,36.8095636,127.1569601,335051,343701,114296,144506,193281,209447,229876,207928,141845,55328,25820,1836,9,11,9,4,0,24
57,충남도청 문예회관,,8635,36.6878778,126.6710991,28493,28432,8203,10670,7782,11053,15895,16614,18314,11573,7527,588,8,2,6,1,0,9
58,춘향문화예술회관,4410,170,35.4022564,127.3900696,27862,26291,5618,8653,8190,8195,13655,18857,18811,12822,8560,770,1,3,3,3,1,10
59,춘천인형극장,3542,4453,37.9148987,127.7227653,137917,130652,34162,51792,73982,60300,74944,85680,78535,38419,22217,1360,7,8,11,4,2,25
60,춘천문화예술회관,3392,19625,37.8724395,127.729498,139455,132203,34537,52392,75324,61636,76055,86075,78516,38360,22021,1359,12,9,13,4,2,28
61,축제극장 몸짓,1523,2420,37.8704329,127.7377902,139133,131909,34504,52340,75279,61590,75986,85915,78311,38261,21911,1359,2,9,13,4,2,28
62,청주예술의전당,5828,49998,36.6420769,127.470627,359412,356570,105280,140161,190179,190774,227461,236021,186106,78665,36071,2297,6,12,13,3,4,32
63,청주아트홀 (구. 청주시민회관),2809,9553,36.6372435,127.4698625,355350,351996,101029,137508,188918,185633,222746,234467,185685,78675,36230,2287,6,12,13,3,4,32
64,청양문예회관,3718,5920,36.4561719,126.8005894,8811,8802,1243,1787,2048,2285,3444,5904,8472,5688,4079,527,6,1,3,1,1,6
65,청송군문화예술회관,5000,,36.430565,129.0560218,3964,3819,404,330,978,1180,1167,2572,3903,2728,2454,195,9,1,1,1,1,4
66,철원군 화강문화센터,1772,3345,38.2449042,127.4276558,4833,4975,1625,1744,1965,1933,2800,4080,4822,2618,1529,116,1,1,0,1,1,3
67,천안예술의전당,24493,62664,36.7560975,127.2261615,84410,85760,21643,34966,43864,39402,53846,56607,49720,22848,12778,1236,4,3,7,2,1,13
68,천안시청 봉서홀,11454,4746,36.8091364,127.1063221,367934,376529,129967,161882,208760,233225,258421,226027,150952,58925,26116,1639,18,11,8,5,2,26
69,천안시시민문화여성회관 신부분관(신부문화회관),2699,,36.817556,127.1592166,335058,342991,113302,140985,187022,205372,227161,205489,139451,53989,25155,1768,12,11,9,4,0,24
70,천안시성환문화회관,4942,22103,36.9127009,127.1368564,109354,119178,41090,41829,60301,75348,75037,66549,47735,19728,9273,495,9,2,0,1,1,4
71,천안박물관,2225,,36.7838753,127.1640569,312223,318364,107734,132552,176674,197849,214525,193353,131225,50521,23490,1737,10,10,11,5,0,26
72,창조문화활력센터 소극장 624,,29,35.2064729,129.0043791,706644,660988,148969,199429,342173,329967,385689,452625,467150,247866,93248,5068,27,13,16,4,10,43
73,창동문화체육센터,11050,,37.6581765,127.0507402,1190289,1100855,239215,360086,641321,596540,680442,770373,684291,374858,152211,5379,21,51,23,13,8,95
74,창녕문화예술회관,4760,5859,35.5445963,128.49044,13395,13146,2118,3258,3107,3575,5703,8873,11924,7519,5303,486,8,1,1,1,1,4
75,진해문화센터(진해구민회관),3490,150,35.1698332,128.6660838,209364,215335,51857,78206,97896,106599,135813,161849,127767,47504,15780,981,0,6,4,2,3,15
76,진천화랑관,4967,,36.8496566,127.4401326,20131,22469,4726,7030,8338,7868,11569,15047,15280,8599,5513,450,1,2,2,1,2,7
77,진주시 전통예술회관,1808,,35.1743398,128.0387096,136503,132583,36907,55433,74120,61218,83550,89513,77391,39413,16657,1089,6,6,5,2,1,14
78,진영문화센터(진영한빛도서관),6568,,35.3043728,128.7370017,58869,61390,23252,25978,24113,32257,46605,43830,33848,14090,6044,616,19,4,9,1,2,16
79,진안문화의집,1493,,35.7892156,127.4231187,5976,5974,726,1780,1319,1203,2364,4350,5152,3616,2538,249,6,1,2,1,3,7
80,진보문화체육센터,945,,36.5296537,129.0519697,4348,4449,526,632,766,1058,1422,2894,3882,2666,1884,170,6,1,2,1,0,4
81,진도향토문화회관,4687,,34.4795829,126.2695199,9653,9263,1854,1989,1556,2291,4077,5587,6589,5635,3764,277,2,2,6,1,1,10
82,진남문예회관,2508,,34.7457591,127.7272062,114109,117217,28865,38651,45273,46175,64676,78498,69858,40831,16274,1235,11,5,1,3,1,10
83,지리산소극장,541,,35.4074038,127.3810656,28031,26469,5669,8799,8194,8203,13738,19245,19094,12972,8735,795,12,3,3,3,1,10
84,증평문화회관,764,502,36.7856505,127.5699945,27862,28720,9809,9047,11331,15730,17719,18572,17707,8851,4548,215,5,3,1,1,2,7
85,중원청소년수련관,3151,,37.4263555,127.1468115,711103,683602,203921,246140,326257,414468,466142,462651,384336,178048,59543,2920,3,26,9,8,4,47
86,중랑구민회관,1925,4081,37.5737227,127.0847565,2016801,1870683,450289,613012,1099379,1139929,1217060,1246980,1084362,572824,201553,6471,17,77,46,24,14,161
87,죽전야외음악당,1343,,37.3256824,127.1266626,699655,662091,225497,305919,318830,369434,502224,445727,288246,150966,61580,3966,18,22,16,10,3,51
88,종로아이들극장,1185,20266,37.5903566,126.9988422,1994512,1814682,387168,532197,1150094,1108020,1115229,1226270,1079336,600171,246942,6811,14,74,135,33,17,259
89,종로구민회관,,,37.5735118,127.0144845,1957762,1789255,396741,546651,1144027,1113296,1132123,1205072,1033892,575796,230613,6632,35,81,138,37,16,272
90,제천시문화회관,4160,2342,37.1248054,128.215548,57043,56487,13142,19829,24815,21152,30941,40202,40156,19859,9954,513,4,5,3,1,3,12
91,제주특별자치도 설문대여성문화센터,6622,5672,33.4844046,126.500493,190330,184669,63171,80112,87800,93731,122989,127630,91716,43929,19656,1776,5,6,16,6,11,39
92,제주영상미디어센터,,,33.5063978,126.5339123,180013,175035,60599,76465,82249,89117,116811,120757,86613,41507,18157,1616,10,6,15,6,9,36
93,제주아트센터,8606.8,32575,33.4750765,126.5152756,188087,182660,62526,79517,86940,93001,121381,125245,89558,42316,18662,1664,2,6,15,6,11,38
94,제주문예회관,5811.56,20130,33.5044769,126.53519,180251,175277,60688,76590,82347,89211,116977,120891,86723,41542,18164,1616,14,6,15,6,9,36
95,제주돌문화공원,34042,,33.4373391,126.6668484,6759,6786,2203,2656,2339,2801,4288,4443,3313,1773,985,168,0,0,6,1,0,7
96,제주대학교 아라뮤즈홀,879.45,,33.4547583,126.5622562,166147,161174,55958,70568,75855,81932,107819,110297,79943,38872,17121,1465,0,5,16,6,9,36
97,제주 탑동해변공연장,1955,,33.5165641,126.5240027,179534,174544,60781,76858,83191,89480,117232,121384,86499,41181,17955,1560,10,6,15,6,9,36
98,정읍사예술회관,1067,2389,35.5532973,126.8620827,37457,36068,8027,12951,11950,11841,20832,26220,23521,15584,10042,889,4,3,2,3,2,10
99,정읍 연지아트홀,2017,1987,35.566248,126.8465661,38755,37345,8194,13210,12260,12079,21352,26910,24611,16441,10473,961,8,3,3,3,2,11
100,정선아리랑센터,6271,593,37.375425,128.6714868,5771,5944,1133,1971,1599,2189,3501,4640,5000,2916,1462,64,6,1,3,1,3,8
101,전주한벽문화관,6749.2,962,35.8120923,127.1589177,311473,298679,80680,123995,165617,142434,186183,202166,161350,85468,39445,3192,6,13,18,8,6,45
102,전주소리문화관,486.5,,35.817583,127.1530835,322194,308919,83707,129360,170087,146003,192746,207628,165383,87867,41080,3313,10,13,17,8,6,44
103,전북예술회관,3080.79,4015,35.8177978,127.147367,329759,316241,85990,132747,173210,149597,197888,212943,170194,90843,42612,3379,18,13,17,8,6,44
104,전북대학교 삼성문화회관,8595.041,31952,35.8384982,127.1348527,336060,322724,88467,135928,176349,153078,202655,216941,172298,91580,42982,3471,15,16,17,9,8,50
105,전라남도학생교육문화회관,8936,,34.77995,127.6439994,104447,107266,28261,36452,43142,45484,61674,73561,65069,36938,14518,1111,7,5,1,2,0,8
106,장흥문화예술회관,1648,2997,34.676836,126.8984759,10909,10188,1161,2628,2120,2070,3753,7537,9272,7124,5323,502,0,2,3,1,1,7
107,장안구민회관 한누리아트홀,,8332,37.3037564,127.0100865,925926,914332,272894,357839,484871,529318,616676,610954,428235,185775,70588,3725,16,33,11,10,6,60
108,장수한누리전당,482,,35.6415453,127.518373,4619,4508,533,1219,915,923,1900,3412,4405,3151,2319,183,2,1,0,1,2,4
109,장성문화예술회관,3546,6712,35.3030286,126.7670138,12969,12467,2316,2805,2785,2964,5373,7604,8896,7321,4881,342,3,2,3,1,1,7
110,잡월드 나래울극장,690,22208,37.3784972,127.1062767,612857,588581,177131,236904,279265,332748,416845,401554,296282,153439,59275,2859,7,16,9,10,5,40
111,작은공연장 단,1140,3,37.7512744,128.892749,90092,88313,19295,31568,46231,34623,51806,59070,56775,31114,15176,1132,12,3,15,4,3,25
112,인천학생교육문화회관,23768.26,5651,37.4755911,126.6306729,836715,826227,220661,279467,400231,453800,528089,561442,478173,212746,82018,4943,29,30,19,14,14,77
113,인천청소년수련관,4357,,37.4530269,126.7506104,1283621,1248111,316977,425211,629073,689108,796816,896379,762925,323186,123512,8134,13,40,15,11,7,73
114,인천중구문화회관,8780.69,2062,37.4402337,126.6288792,688571,682180,178235,236607,335087,363782,434993,456293,389405,178728,69672,4242,4,26,20,12,11,69
115,인천예총 국악회관,1184.5,,37.4612136,126.6624304,1051330,1028915,272990,361366,507732,564831,662203,713853,606767,265633,102410,6330,4,35,19,16,14,84
116,인천어린이과학관,514,13467,37.5518329,126.7393639,1110573,1068678,288294,380209,545885,623977,706245,784522,645042,262873,97305,6112,2,34,11,11,9,65
117,인천아트플랫폼,651,50,37.4731429,126.6193165,710284,705148,195423,245821,342613,392682,460897,480922,408977,183441,70643,4131,14,22,19,14,13,68
118,인천수봉문화회관,5079.484,1706,37.4612136,126.6624304,1051330,1028915,272990,361366,507732,564831,662203,713853,606767,265633,102410,6330,4,35,19,16,14,84
119,인천서구청소년수련관,5506,,37.517261,126.6591464,989882,968005,248781,330626,488730,538249,616818,685546,571938,246251,96090,6048,9,30,19,13,13,75
120,인천서구문화회관,14435.21,14097,37.5156776,126.6797422,1143019,1112978,283369,380159,565992,623938,714154,797444,671358,285531,109942,7105,16,40,20,18,14,92
121,인천문화예술회관,43313,107452,37.4481583,126.7001777,1257119,1226897,313967,424690,612655,668491,780758,864326,730338,314512,121234,7874,31,43,16,16,14,89
122,인제하늘내린센터,6795.45,7583,38.0607544,128.1652585,5963,6343,1394,1414,2463,2797,2559,4394,5201,2801,1808,117,5,2,2,1,1,6
123,익산예술의전당,5728.5,23431,35.9514163,126.987452,125488,124054,27058,48416,67588,47763,70082,85576,76323,42623,21733,2110,7,8,6,2,2,18
124,이천아트홀,11843,21111,37.2716884,127.43436,92240,98364,27520,36353,49873,53162,59100,60817,48977,21136,9630,527,6,3,3,1,1,8
125,의정부예술의전당,22372,,37.7337553,127.0339399,451977,425590,101933,142012,207421,216993,262197,309961,268437,137714,62331,4079,8,17,1,6,4,28
126,의정부아트캠프,409,4086,37.7378981,127.047486,436345,411998,100729,139193,196936,208098,255870,297292,252486,130745,58481,3745,26,16,1,4,2,23
127,의왕시여성회관,7990,,37.3550063,126.9754317,721996,700527,189754,260899,356811,385781,444529,502554,396357,163945,66653,3948,3,29,5,9,6,49
128,의성문화회관,3401,3895,36.3560262,128.7025233,9198,8703,2975,2649,4042,4620,5470,7380,6339,3606,1601,40,3,1,0,1,1,3
129,의령군민문화회관,1018,4071,35.3176942,128.2648399,8990,8809,3200,3427,3125,4580,6894,6061,6066,2990,1343,147,10,1,1,1,1,4
130,음성문화예술회관,916,5148,36.9313321,127.6807028,12251,12707,2080,3251,3361,3870,6118,9663,11540,6577,3736,313,3,1,2,1,2,6
131,을숙도문화회관,10407,15846,35.1094304,128.9449377,406954,393479,97409,120284,187073,194621,233312,258573,274118,142922,53126,3482,10,6,6,1,7,20
132,은평문화예술회관,862,3963,37.6039156,126.9283637,1269108,1138410,268707,352457,701390,740341,725595,756197,638023,345433,146318,4702,14,41,108,19,13,181
133,유앤아이센터,28067,7781,37.2031615,127.0333407,751672,771157,280029,320796,401760,503969,568043,461652,295607,112221,37456,1944,21,29,11,9,6,55
134,원주치악예술관,7807,2658,37.3354409,127.9495753,162943,157827,43752,60832,78153,78286,98798,107917,91758,38596,20906,1425,14,4,6,3,3,16
135,원주백운아트홀,6413,12566,37.3412629,127.918966,168049,163072,46333,63199,80848,82544,102734,112293,95643,40491,21986,1482,6,4,5,3,3,15
136,울진문화예술회관,706,,36.687518,129.4436944,5441,5237,1748,1204,1410,2692,3167,4472,5247,3244,2531,230,5,1,0,1,0,2
137,울주문화예술회관,2854,5212,35.5644949,129.2320867,194250,197234,50040,73713,91314,89052,122175,149983,114539,46091,14273,752,20,5,1,1,0,7
138,울산중구문화의전당,7741.49,17359,35.5804982,129.3230452,370532,380526,112619,144953,167704,191010,245913,285977,211828,80522,23981,1292,12,12,4,4,5,25
139,울산북구문화예술회관,3714.26,13644,35.5811623,129.3798282,329719,340687,108054,127368,137177,180062,223253,245355,192263,73278,20811,1149,2,12,4,4,5,25
140,울산문화예술회관,14567,52042,35.5429381,129.3270884,323417,334417,93367,120168,151918,168359,208805,253998,195609,75534,21914,1079,18,10,5,4,5,24
141,울릉한마음회관,4347.19,,37.494751,130.9031429,3386,4111,479,665,921,1034,1623,2453,2783,1448,824,69,5,1,1,1,1,4
142,용인포은아트홀,13826,54985,37.335726,127.1081988,719384,682135,228286,308225,337408,387578,512838,461127,306212,159250,65215,4143,35,23,18,10,3,54
143,용인어린이상상의숲,,10485,37.250205,127.1655915,412179,404883,150788,184421,197002,233280,308176,256130,158841,78373,31699,2526,10,11,13,4,2,30
144,용인시평생학습관(여성회관),13647,8493,37.3205471,127.0954507,865862,830744,258636,358028,427433,470556,600748,555850,370101,186748,76597,4889,37,31,18,10,3,62
145,용인시문화예술회관,4882,15974,37.2319141,127.1988795,255243,249619,92518,112374,118299,138253,189096,156081,102781,50953,20085,1515,12,5,7,3,1,16
146,용인문화예술원,7178,4836,37.2408414,127.1775117,339854,334044,127240,151918,159428,193806,256556,211639,135001,67664,27659,2284,19,10,11,4,2,27
147,용산아트홀,8519,6082,37.5325615,126.990179,2068055,1902036,414095,576677,1304045,1264342,1200923,1212514,1013760,571295,216960,5930,16,77,139,39,16,271
148,완주향토예술문화회관,900,,35.920259,127.0945688,113214,112291,38792,53870,55913,55250,77759,73966,55496,27529,13560,1185,4,6,5,4,2,17
149,완주문화예술회관,1760.19,,35.9044406,127.1619863,176782,174303,53447,76522,101814,88638,114876,112761,84942,44185,21281,1868,3,10,3,5,4,22
150,완도문화예술의전당,7289,,34.3238947,126.7415466,9745,9747,2359,2516,2797,3488,5009,7535,7997,5715,4066,339,2,1,1,1,2,5
151,올림픽기념 국민생활관 [부산],,,35.167389,129.1376621,839800,767068,181962,247355,382184,381023,480286,524523,530271,304507,118556,6155,32,22,17,8,10,57
152,올림픽공원,1447122,878821,37.5206868,127.1214941,1544167,1449499,372712,487674,787802,918614,967633,951105,826110,415402,125822,4835,0,54,21,14,6,95
153,옥천문화예술회관,935,1984,36.3038642,127.5741471,18281,18210,2594,5160,4719,4240,8287,11893,15608,9258,6008,699,10,2,0,1,1,4
154,오정아트홀,802,2800,37.5280532,126.7960424,1544843,1459425,357915,494122,755270,868672,940464,1019946,895437,401081,139524,7628,14,54,17,14,11,96
155,오산문화예술회관,9489.17,11369,37.1591193,127.076857,416627,432670,183078,198034,196981,287070,341855,240382,144906,53308,17142,879,14,20,3,3,4,30
156,오류아트홀,,4320,37.4957808,126.8473739,1851351,1762772,402869,542407,1020189,1111489,1102835,1167507,1034214,508136,176209,7690,17,62,16,22,13,113
157,예천군문화회관,1087,,36.6512954,128.4459188,17048,16264,3594,5010,5684,5445,8914,12487,13946,8517,5773,423,7,1,0,1,1,3
158,예주문화예술회관,1015,3999,36.5298725,129.4052836,5866,5054,1129,1251,1161,1638,2718,3888,4320,3133,1913,150,5,0,0,1,1,2
159,예울마루,25145.98,72298,34.7501248,127.6655644,115564,118661,29711,39385,46584,48227,66179,80803,72312,42248,16997,1296,2,6,1,4,1,12
160,예술의전당 [서울],12716,1101873,37.4810859,127.0152453,1359490,1258791,285005,408447,794736,824847,817911,801419,671046,374312,126233,3841,27,53,45,20,6,124
161,예술의 전당 [광주] (구. 광주문화예술회관),46979,18368,35.1777502,126.8811251,692642,666972,190921,275993,369825,330629,437317,456153,341764,175266,73810,5364,13,25,24,15,13,77
162,예산문예회관,2685,2622,36.6852365,126.8495989,23486,23433,3075,6479,6477,6471,10545,15022,19562,12181,7836,703,8,2,1,1,2,6
163,영천시민회관,859,9643,35.9724429,128.9378221,36168,36218,9196,11089,11564,13933,20259,24679,25975,15704,8926,681,22,2,3,1,2,8
164,영주시민회관,1295.06,211,36.8288039,128.6178159,41402,40044,5864,12005,13644,10884,18484,26805,31641,19751,11774,1032,9,2,0,2,1,5
165,영주문화예술회관,2351.47,1682,36.8198447,128.6132295,41051,39691,5197,11729,13507,10063,17885,26243,31350,19712,11787,1084,0,2,0,2,1,5
166,영월군문화예술회관,3100,,37.1860703,128.4682677,10730,11048,1504,2986,3054,2862,4818,7748,10140,5705,3200,187,11,1,11,1,2,15
167,영암청소년수련관,3000,,34.7945132,126.6957593,7940,7622,1918,2510,2393,2583,4525,5417,5364,3757,2192,250,7,2,5,1,1,9
168,영등포아트홀,768,4295,37.5258617,126.8971134,2161942,2013353,450740,598887,1268415,1320914,1259881,1296355,1139170,609060,222674,7057,23,72,39,24,18,153
169,영동복합문화예술회관,4594,6,36.1566683,127.7871856,12040,11552,1581,2849,3119,2885,4876,8412,10817,6657,4369,403,0,2,1,1,2,6
170,영도문화예술회관,4025.83,8816,35.0749591,129.0659843,444336,417053,79293,122266,209799,186350,238539,280873,309619,188265,75853,3907,22,12,20,6,15,53
171,영광예술의전당,6521,1942,35.2722261,126.5087057,15740,15037,2920,3923,4000,4292,6476,9917,11507,8360,6328,564,4,2,0,1,1,4
172,연천수레울아트홀,6531,6596,38.1070984,127.0805524,9865,10616,3349,3774,4456,5194,5824,6674,7000,3697,2080,87,5,2,1,1,2,6
173,역삼1동문화센터,110561.43,,37.4953545,127.0332497,1557986,1433418,333836,462983,897962,954150,935741,924626,780488,420353,140621,4470,5,61,56,26,7,150
174,여수시민회관,5265,971,34.7457591,127.7272062,114109,117217,28865,38651,45273,46175,64676,78498,69858,40831,16274,1235,11,5,1,3,1,10
175,어울아트센터(구. 대구북구문예회관),2750.45,15384,35.9456823,128.539188,267234,260140,63022,93126,135162,118742,160855,192402,156803,78144,32251,1722,1,10,1,2,5,18
176,양천문화회관,1128,16823,37.5165519,126.8632631,2010335,1897056,427524,576546,1164067,1219817,1186913,1233647,1093340,560390,198641,7398,17,62,19,18,14,113
177,양주별산대놀이마당,730,1299,37.7861008,127.0315184,322902,310962,88637,116214,149509,158711,203610,222342,175321,87486,40100,2981,8,13,2,3,2,20
178,양양문화복지회관,884.42,962,38.0770082,128.6268749,9222,9322,1704,2089,2590,3135,4755,6569,7784,4572,2364,152,6,1,2,1,1,5
179,양산문화예술회관,2130,14676,35.3337738,129.0366411,144441,140797,49751,54418,58006,75011,97525,94535,80091,36409,15012,1186,12,4,4,3,1,12
180,양구문화복지센터,826,,38.1088894,127.9842263,7931,8164,2077,2530,3185,3488,3391,5006,5798,2822,1792,87,5,1,4,2,2,9
181,양구문예회관,,,38.1087766,127.9849746,7931,8164,2077,2530,3185,3488,3391,5006,5798,2822,1792,87,7,1,4,2,2,9
182,안양아트센터,,30412,37.3849348,126.9312674,667310,645478,175772,228751,317801,367626,406133,459860,382883,159910,64023,3547,29,30,7,8,6,51
183,안성맞춤아트홀,14000,25380,36.9999152,127.2755915,59912,62851,14524,24189,29534,25837,36403,38033,32618,16239,8387,613,5,3,3,2,1,9
184,안성남사당공연장,547,,37.0317177,127.3102002,47878,49731,11223,18186,24712,20778,27306,31090,28587,14382,8034,645,4,3,3,2,1,9
185,안산올림픽기념관,"4,829.77",1789,37.3260457,126.8274178,427147,446372,118498,161681,246653,240168,285691,332153,217255,75792,31819,2291,5,19,7,3,2,31
186,안산문화예술의전당,14413,102168,37.3197974,126.822512,418591,438636,116205,159834,243272,234879,280881,326656,212827,73848,30774,2234,19,20,7,3,2,32
187,안동문화예술의전당,6927,38011,36.5617534,128.725371,62216,59660,14426,20481,24882,22537,33055,39671,40392,23683,13682,1263,11,5,4,1,1,11
188,아트센터 인천,"5,483.66",52136,37.3942007,126.6267704,424435,421769,121771,162892,211324,225596,281038,284818,228434,101554,40858,2498,3,18,15,9,9,51
189,아양아트센터,4989,61338,35.8796038,128.6518139,678556,639119,151509,220418,316711,300951,393777,454349,405099,227837,99055,4635,11,21,14,9,5,49
190,아산시청 시민홀,373,967,36.7845311,126.9994959,134026,139123,44787,64096,67576,72954,94949,80981,58478,28553,14204,1042,12,5,7,4,4,20
191,아산시 평생학습관(여성회관 아산아트홀),8403,3713,36.7709074,126.9922424,121376,125848,39316,58289,61701,65183,84979,72696,53109,26579,13316,1004,9,5,6,4,3,18
192,아르코예술극장,5028,20896,37.5831945,127.0047317,2033539,1852952,394146,542695,1176017,1140038,1144736,1246018,1089463,605638,246894,7217,12,76,137,36,19,268
193,쌍벽루아트홀,,2943,35.3500292,129.0339907,121992,119847,48148,49012,45768,68085,88533,78700,61865,25744,10021,823,8,4,3,2,1,10
194,신촌문화발전소,165.87,1216,37.5579585,126.9397595,1998139,1819989,411643,552594,1173145,1194137,1151463,1175865,1004866,556102,218605,6641,33,63,120,31,16,230
195,신정호 야외음악당,,,36.7685719,126.9821724,109529,113116,32645,50647,56336,55405,73836,65105,49108,25120,12548,929,3,5,6,4,3,18
196,시흥시평생학습센터,1264,,37.4453409,126.7966216,1158333,1116411,297139,387385,560338,634935,728147,788115,668710,288019,105887,6512,12,34,12,11,8,65
197,시흥시청소년수련관,"2,039.04",,37.4460408,126.7972887,1173564,1131017,298553,388541,566780,643135,733451,793353,675844,291974,107203,6607,12,35,12,11,8,66
198,시흥시 여성비전센터,2089,,37.3477622,126.7404009,392935,410618,125163,172927,213302,227705,287265,291765,185700,61358,23960,1962,18,12,4,2,2,20
199,시흥ABC행복학습센터,8084,1580,37.4492366,126.7850118,1221843,1174911,305947,406207,583357,659403,762397,842074,720437,311890,116177,7145,11,33,13,11,8,65
200,순천문화예술회관,6507,25739,34.9707609,127.4852321,134092,131784,42121,55333,60702,60642,82298,93094,71785,35855,18637,1797,20,8,4,1,2,15
201,순창향토회관,354,,35.3770022,127.1479103,10539,10032,1501,2551,2455,2400,4058,6918,8047,6362,4810,538,10,2,2,1,1,6
202,수정청소년수련관,878.3,,37.4487038,127.1501065,788170,750348,206401,260105,369736,457208,491868,495678,423913,199030,60554,2620,8,26,15,6,4,51
203,수원청소년문화센터,"17,462.67",7107,37.2739149,127.0348803,1019695,1015527,319110,414475,550074,601115,712353,667873,445216,202201,75504,3712,14,40,16,11,3,70
204,수원제2야외음악당,550,,37.2969737,127.0074309,887600,878769,267396,350516,474074,516892,601352,590078,410810,177135,66618,3457,11,33,11,9,6,59
205,수원제1야외음악당,3228,4622,37.2586372,127.0359715,1045979,1042411,338862,438779,559176,620211,745986,678361,445166,196643,72129,3650,15,40,19,11,4,74
206,수원시민회관,3207,,37.2734772,127.0112469,925760,925775,287038,375567,506373,548380,641446,607016,408245,177926,65865,3326,4,37,17,10,5,69
207,수원SK아트리움,"5,542.24",27411,37.3092852,126.9865742,860644,844772,243192,330743,454284,483825,566786,582626,428475,181971,70059,3638,12,29,12,11,6,58
208,수성아트피아,14777,,35.8297292,128.6282916,767502,718387,156089,242880,361039,328139,430189,522849,475859,261018,112160,5217,8,25,15,12,9,61
209,솜리문화예술회관,3998,3649,35.9392685,126.9686234,122527,120884,26690,47594,66355,47011,68787,83483,73619,40661,20032,1929,7,7,3,2,2,14
210,솔가람아트홀,819.3,2451,37.7315175,126.7622165,455124,433797,136022,180635,198989,231831,301220,319944,214558,93089,49814,3422,9,22,4,4,6,36
211,속초문화예술회관,2987,8672,38.2153465,128.5932895,44225,43214,9912,12677,14118,17717,24600,32337,32492,16681,8198,559,13,4,4,1,1,10
212,소월아트홀(성동문화회관),,26457,37.5593642,127.0361222,2035767,1862072,417386,594823,1154761,1162868,1198188,1247860,1063163,583336,216058,6290,51,92,126,37,17,272
213,세종문화회관,53202,696382,37.5722356,126.9759338,1840139,1675745,374701,500902,1087814,1059733,1052805,1106076,946671,537323,221693,5797,34,75,136,30,17,258
214,세종문화예술회관,3010,19454,36.599438,127.2874384,52619,55409,12927,20975,35330,25020,30220,30623,27534,14292,7343,590,4,4,4,1,2,11
215,세종국악당,1901,7808,37.2972453,127.6250073,39041,39187,8794,13870,16006,15473,22636,27325,27122,13434,7040,626,7,2,9,2,1,14
216,성주문화예술회관,3869.82,8045,35.9182242,128.3012215,14201,14640,1747,2553,3148,3866,5854,11017,14326,8895,5496,566,1,2,1,1,1,5
217,성수아트홀(성수문화복지회관),1028.09,13517,37.5454156,127.0469729,2072601,1901956,434989,609172,1142060,1198544,1226746,1267118,1089493,588513,207452,6274,35,84,118,41,15,258
218,성산아트홀,9749,40757,35.2340868,128.6818106,252499,258819,67406,91636,119455,132519,161621,199564,157226,57440,19071,1366,4,7,7,2,2,18
219,성북청소년수련관,1002.99,,37.6141359,127.0602483,1710093,1587430,348875,489682,948475,912899,974076,1080614,953002,512533,204274,6869,18,71,55,24,13,163
220,성북정보도서관,2018,616,37.6050025,127.0507423,1732981,1603169,343597,490009,963296,928252,979093,1097134,969746,524361,209830,6903,18,74,83,30,15,202
221,성남아트센터,4943,239191,37.4026231,127.1315343,637500,612265,182689,228080,297701,365901,423100,414167,327305,154679,56603,3075,8,25,8,10,4,47
222,성남시 야외공연장,380.91,,37.3775468,127.1240532,641222,616972,182919,242737,292828,348283,431304,418394,313667,161825,62207,3002,7,19,10,11,5,45
223,서초문화예술회관(구. 서초구민회관),"4,068.04",302,37.4701663,127.0326379,1156612,1071755,257205,368526,650361,702323,716093,688177,574085,311954,98414,3249,16,40,40,17,4,101
224,서천문예의전당,648,,36.0761777,126.6980709,17911,17095,2635,4870,4199,4173,7833,11466,14681,10094,6835,822,8,2,2,1,2,7
225,서울주문화센터,999,4297,35.5612879,129.1313252,40281,41201,9324,13659,15280,15505,23852,30873,26586,12035,5450,486,16,1,3,1,0,5
226,서울시립광진청소년수련관,3623.42,,37.5463451,127.106152,1876066,1751339,444704,575293,992810,1100578,1150580,1149043,998830,511261,167517,5783,27,64,38,17,11,130
227,서울돈화문국악당,1773.64,8129,37.5772505,126.9907318,1941483,1768516,385103,516843,1136890,1106499,1103289,1181757,1026798,580817,236638,6135,11,73,135,33,15,256
228,서울글로벌문화체험센터,,,37.5624994,126.9851619,2027766,1845861,409778,544802,1197307,1185706,1160197,1208107,1029251,582252,234272,6115,35,84,135,31,15,265
229,서산시문화회관,,14050,36.7861241,126.4485252,63558,67041,21785,25336,26100,33536,42547,42203,33666,17463,9934,951,7,3,0,1,2,6
230,서라벌문화회관,199.5,2595,35.8387454,129.2077809,76340,74200,17375,26090,32064,28356,42400,54807,50441,27403,14294,1387,12,3,7,2,2,14
231,서대문문화체육회관,736,3665,37.5832608,126.9303605,1558703,1409343,335419,437226,866503,928134,904386,920727,778327,419209,173293,5652,13,51,117,25,15,208
232,서귀포예술의전당,8481,22468,33.2462166,126.550832,43228,42259,13994,17976,16360,19313,29817,33227,27356,15714,7687,498,5,5,10,2,3,20
233,상주문화회관,807,5403,36.4095609,128.1630365,28288,27818,5577,7991,6941,8604,12810,18320,20762,13355,8669,755,5,1,1,1,2,5
234,상상나라극장,3367.18,22082,37.5495886,127.081578,2025770,1881128,448250,617468,1095658,1161293,1217724,1246813,1082242,566701,192025,6585,0,79,45,23,12,159
235,삼척문화예술회관,3567,5051,37.4381472,129.1600701,36532,38907,9452,13398,14771,13411,22480,24214,25150,14158,7940,692,1,2,1,1,1,5
236,산청문화예술회관,788.73,74,35.420126,127.8728554,6025,5644,392,988,925,1032,1978,3692,4877,3241,2440,415,5,1,2,1,1,5
237,사천문화예술회관,1286,3139,34.9469108,128.0728524,25756,24911,5019,7418,6342,8495,14273,17550,19945,12904,7199,717,0,1,0,1,1,3
238,빛고을시민문화관,3018,13404,35.148136,126.9085129,585682,559447,154594,220645,312065,277237,357419,382505,302915,161095,67574,4590,15,21,27,14,13,75
239,빛고을국악전수관,438.41,,35.1320456,126.8597956,657643,631782,180656,257404,345593,312613,413098,426601,326956,171653,71539,5034,10,24,21,15,15,75
240,분당판교청소년수련관,"1,438.16",,37.3907453,127.0793821,618203,591455,183445,234140,277677,342830,415042,404347,300669,148617,57612,2940,19,18,7,10,5,40
241,분당정자청소년수련관,"1,158.91",,37.3727656,127.1064079,619393,593180,181929,242497,278052,333405,422606,403539,294182,153618,60218,3042,12,18,10,10,5,43
242,분당서현청소년수련관,"1,007.77",,37.3721161,127.1397739,657255,632092,192976,253212,297901,358838,450221,432685,324141,166621,64192,3141,23,20,10,11,5,46
243,북한강야외공연장,370.99,,37.6469446,127.3657313,64990,63963,18080,25955,25220,27199,45140,45688,36111,19049,7947,614,7,2,7,1,0,10
244,북아현아트홀,748.26,396,37.5618573,126.9554332,1941147,1767686,411485,544166,1125061,1150188,1127144,1151435,973222,542768,218368,6414,14,67,122,29,16,234
245,부평아트센터,5007.69,30153,37.4823678,126.7047097,1378936,1344510,324336,444761,680609,734310,838381,967531,830028,353385,137264,9225,20,48,19,18,15,100
246,부천시민회관,3422.8,50249,37.4886695,126.7707328,1540596,1478645,354045,483210,752345,828340,928448,1059830,928734,405744,146847,8401,15,45,16,13,10,84
247,부여국악의전당,1593.36,,36.3046889,126.8996481,19189,18681,2626,6190,8061,5147,8143,12480,15093,9165,5749,542,5,1,8,2,2,13
248,부안예술회관,674,3588,35.7242597,126.7261426,17208,16302,2910,4933,3925,4670,8123,11028,12766,9722,6404,602,4,2,2,1,2,7
249,부산학생예술문화회관,"3,252.16",6300,35.1991117,129.0017744,709878,664728,150702,200530,341668,332959,389088,455706,469966,250733,94658,5172,19,16,15,4,14,49
250,부산예술회관,597.56,25,35.1307194,129.1025935,940225,860910,190969,270812,431389,417716,522702,584714,601701,350152,137319,6346,19,25,23,9,20,77
251,부산시민회관,,71804,35.138837,129.065127,1093123,1011684,222840,310476,500291,488261,603685,688416,727980,413974,158320,8520,37,24,29,10,25,88
252,부산북구문화예술회관 (구.북구문화빙상센터),2972.82,6406,35.2136698,129.0058581,699851,654429,149088,200966,337973,324088,382825,449749,462450,242918,91010,5142,33,13,16,4,10,43
253,부산민주공원 공연장,198.34,300,35.1101186,129.0280611,760516,713459,142288,209545,373056,334749,407718,483559,519469,297030,116022,6093,37,15,24,7,20,66
254,부산문화회관,,109041,35.1273476,129.0937848,921158,844877,186526,263487,427350,411131,511812,574768,597760,349547,136389,6286,36,24,25,9,23,81
255,봉산문화회관,2017,3808,35.863327,128.5965948,878799,829914,189295,291948,415669,380073,509321,611523,532889,281862,117802,5316,32,32,15,15,13,75
256,복사골문화센터,4603.5,6717,37.4947045,126.7542809,1457131,1406802,338271,453855,714355,786317,878066,1014539,886550,381067,141035,8142,26,43,14,15,9,81
257,보은문화예술회관,1120,,36.4869141,127.7237635,10614,10671,2279,3445,3812,4159,5390,7301,7924,3876,2400,140,13,2,2,1,1,6
258,보성군문화예술회관,2098,2155,34.7780181,127.08839,6908,6489,771,1012,1025,1003,2093,3667,5073,4071,2949,353,5,1,1,1,1,4
259,보령문화예술회관,6026,5215,36.3338299,126.6143202,33979,34324,8279,11052,10571,12491,19771,22521,22792,13772,7399,677,6,3,3,1,1,8
260,보노마루,,5792,37.3012442,126.8675046,494360,497260,136541,185453,276486,274835,319584,368946,253377,91762,39542,2649,18,18,7,3,2,30
261,배방읍행정복합시설,2400,,36.7711814,127.0617795,301263,306760,102300,138579,158628,177819,216395,190998,125755,51063,22465,1467,6,10,8,5,4,27
262,반포심산아트홀,"2,843.83",,37.5072636,127.0215029,1762270,1623125,369209,510140,1049822,1078869,1049507,1042716,878368,481151,168380,5057,30,64,95,33,13,205
263,반석아트홀(동탄복합문화센터),4487,12755,37.2000798,127.0774226,681176,699541,261097,297731,355169,455591,520206,410918,251528,93476,31445,1825,6,30,11,6,4,51
264,밀양아리랑아트센터,"6,259",7825,35.5044178,128.7590127,35248,33567,7806,10161,10076,13002,18684,23412,28268,16230,8784,614,4,2,1,1,3,7
265,민속극장풍류,629.38,825,37.5102289,127.0446484,1735475,1599116,365665,505692,981958,1043990,1032057,1040593,894017,481853,161858,5251,18,62,60,29,8,159
266,미아리고개예술극장(구. 미아리예술극장),220,640,37.5977955,127.0182829,1905507,1740687,366983,516902,1091939,1046169,1061137,1180001,1040879,574399,235002,7065,16,80,132,34,17,263
267,문화비축기지,5597.61,782,37.5713027,126.8939106,1702687,1555478,373000,488850,912404,1016637,1006482,1032582,886609,469164,183105,6428,8,61,53,17,13,144
268,문학시어터,743,390,37.4360098,126.6909264,1073934,1052867,281840,373669,523865,579591,684526,730743,612341,268836,104498,6579,3,40,20,16,13,89
269,문산행복센터,17823,3721,37.8567711,126.7903179,38250,44054,10961,13386,16450,21293,23625,26005,23668,12708,7101,457,18,5,1,1,0,7
270,문경새재,"3,768,307",,36.7615936,128.0769795,4895,4543,735,1452,1382,1479,2719,3592,4256,2912,1743,228,1,1,4,1,0,6
271,문경문화예술회관,6457,15045,36.5897042,128.2010121,28202,26800,5317,6774,7512,8456,12335,18381,23479,15230,9745,737,2,3,1,1,1,6
272,무안승달문화예술회관,"4,296.62",3437,34.9902515,126.4723063,13100,13095,1979,3633,3494,3616,5636,8736,9870,7459,5646,511,10,1,0,1,2,4
273,목포시민문화체육센터,"12,822",9532,34.8123237,126.4381097,141704,140011,39059,57594,57546,58573,89282,90527,79541,48295,22535,1517,4,7,14,3,2,26
274,목포문화예술회관,4925,9875,34.7918229,126.4185703,141187,140336,39081,57469,57491,58504,89233,89978,78291,47668,22243,1526,4,7,14,3,3,27
275,목동청소년수련관,462,,37.5307355,126.8754829,2069005,1934047,440233,580851,1194923,1256459,1211440,1250143,1099165,576373,209751,7141,16,63,25,21,16,125
276,모두누림센터,"3,574.22",3002,37.1989261,126.8290441,35878,43235,11423,10852,16857,24482,24355,26477,23289,9956,4957,400,9,2,0,1,1,4
277,명주예술마당,219,100,37.7502846,128.8899239,90092,88313,19295,31568,46231,34623,51806,59070,56775,31114,15176,1132,12,3,15,4,3,25
278,명성황후생가문예관,,392,37.2690697,127.6660367,36841,36809,8378,12546,15151,14406,21151,25509,24087,12098,5928,436,0,3,10,2,1,16
279,마포아트센터,"18,902",47817,37.5513857,126.9447087,2089190,1910931,420890,565277,1254713,1261366,1196826,1225770,1051253,585652,228103,6767,9,66,117,31,16,230
280,동해문화예술회관,"5,247",3493,37.5263186,129.1151253,43356,43982,11852,16036,14395,16850,28530,30908,29245,15106,6935,399,7,3,1,1,2,7
281,동성로 야외무대,78,,35.8700613,128.5956197,894404,844766,189746,295379,424037,385285,515160,625521,542198,287105,120415,5550,16,32,15,15,13,75
282,동부여성문화회관,307,,35.8903784,128.6224699,753520,710816,158835,242220,359250,327971,431732,514666,455965,251850,108266,5017,11,28,14,12,10,64
283,동리국악당,"2,241",856,35.4316666,126.7025854,14766,14599,2324,4058,3251,3770,6155,9489,12077,8261,6248,495,14,3,2,2,2,9
284,동래문화회관,"5,519",7283,35.2119855,129.0900989,975941,898455,209348,287287,452841,442051,545291,620989,628461,345438,132962,7266,15,25,22,8,15,70
285,동두천시민회관,680,1391,37.9053748,127.0433105,73657,73711,17761,26588,32721,31802,43395,52396,44904,25428,13709,944,11,4,2,1,2,9
286,동구청소년수련관,954,,37.4760525,126.6425764,954370,938284,248577,318396,459250,518965,601929,648784,554753,245786,93973,5524,11,32,19,14,14,79
287,동구청공연장 [대전],,,36.3118764,127.4548285,435902,422118,95087,158512,241676,197081,253625,282842,253910,131821,55986,3635,8,12,6,8,8,34
288,도봉구민회관,"9,900",7088,37.6541023,127.0386268,1201950,1110287,237429,359722,652443,601199,680135,769248,686100,377618,154306,5316,23,48,39,15,10,112
289,도곡2문화센터,,,37.4880608,127.0433376,1444303,1325248,323722,452756,805962,872810,884300,861533,721199,383535,123950,4250,18,49,48,20,7,124
290,덕진예술회관,760,4096,35.8455076,127.1135639,342812,329724,90036,137972,179722,155991,206473,221991,177499,95139,45059,3570,5,17,17,10,10,54
291,댄싱공연장,"7,683",,37.3346798,127.9438351,162943,157827,43752,60832,78153,78286,98798,107917,91758,38596,20906,1425,13,4,6,3,3,16
292,대학로예술극장,"1,253",33355,37.58322,127.0043935,2036307,1855539,394715,544053,1181131,1142665,1146341,1247493,1091264,606827,247306,7183,14,75,136,36,18,265
293,대전평송청소년문화센터,11217.23,30310,36.3679309,127.3877917,654265,645405,171138,252471,387007,331748,397772,421674,350847,162990,67799,4715,4,18,18,11,7,54
294,대전평생학습관,,7,36.3251643,127.4261643,577743,564747,144453,221544,338460,282911,345182,370442,320090,154325,64745,4237,31,17,12,11,8,48
295,대전청소년위캔센터,"23,609.14",351,36.3273777,127.4341776,553138,539730,135433,211669,324532,268726,327637,353716,307426,149311,62606,4021,22,16,10,11,8,45
296,대전중구문화원,,,36.3233553,127.4242142,583430,570048,145757,223427,341459,285039,347934,373486,322021,155156,65084,4257,14,17,12,11,8,48
297,대전예술의전당,40774,103448,36.3679309,127.3877917,654265,645405,171138,252471,387007,331748,397772,421674,350847,162990,67799,4715,4,18,18,11,7,54
298,대전예술가의집,9000,226,36.322356,127.416091,603394,590390,151731,229936,350538,294008,359393,384636,329229,157925,65756,4242,19,18,14,12,8,52
299,대전어린이회관,"5,383",,36.3645628,127.3241943,475222,467684,138074,192554,284720,254738,299621,303630,239293,103062,40755,2980,5,11,13,7,3,34
300,대전시립연정국악원,10872,38216,36.3679309,127.3877917,654265,645405,171138,252471,387007,331748,397772,421674,350847,162990,67799,4715,4,18,18,11,7,54
301,대전시립박물관,,,36.3365079,127.3336173,513588,503505,140672,198658,304808,268178,315653,325347,264950,120086,48417,3310,9,14,13,8,3,38
302,대전서구문화원,1453,1687,36.3446139,127.3855644,672535,660412,176929,259952,392690,336812,408499,430999,358386,166771,69198,4828,21,22,19,14,7,62
303,대전 서구 관저문예회관,,53,36.3016675,127.3394979,472431,460019,126809,182544,275416,239804,286832,297738,243895,112528,45887,3069,15,11,10,6,3,30
304,대동골문화센터,209.28,,35.1524194,129.0890107,1077034,989210,223761,309461,489182,482993,601571,673766,697395,399173,155656,7961,2,27,25,10,21,83
305,대덕문화전당,"6,700",5794,35.8314227,128.5770106,808935,763617,173643,268390,385289,350084,464848,558352,488479,257903,107615,4921,12,32,14,13,12,71
306,대덕구문예회관(구. 대덕구평생학습센터),431,,36.3741118,127.4206213,589065,584225,147285,222880,352291,298771,354873,383522,322792,153380,64256,4231,8,17,16,10,9,52
307,대구학생문화센터,23312.39,15693,35.8530473,128.5294348,749123,709778,175042,245562,362401,342724,436497,515970,445628,230248,95207,4617,19,24,8,12,10,54
308,대구콘서트하우스,"26,793.75",84988,35.8755674,128.5924974,896562,847934,190314,294973,426401,386771,515023,624707,539066,285755,120373,5484,15,34,15,15,15,79
309,대구청소년수련원,"10,124",2938,35.8323448,128.5506192,789832,744855,184271,265549,370070,353781,464621,543658,470055,244834,101853,4914,14,28,8,12,13,61
310,대구음악창작소,,189,35.8549715,128.5892731,871333,824086,189492,290214,416409,379342,504213,603462,529142,279613,116456,5222,22,33,14,15,13,75
311,대구오페라하우스,3092,67588,35.8832218,128.592516,864588,818030,183441,283591,411383,373624,498214,604910,520788,278289,117407,5367,9,33,15,15,15,78
312,대구서구문화회관,238,15006,35.8724689,128.5456327,896597,850431,207248,304445,435739,402866,528362,623651,525997,270297,111600,5143,9,32,12,14,15,73
313,대구북구청소년회관,389,,35.905689,128.6161482,666588,631390,140631,215250,324162,292422,383570,458124,401597,223513,97142,4796,11,27,15,10,10,62
314,대구문화예술회관,66100,39816,35.8447081,128.5592428,867140,820214,198602,292045,413888,386065,508094,597419,516915,269401,111162,5011,3,31,14,13,13,71
315,당진문예의전당,816.23,26687,36.8902087,126.6378968,49681,53296,18694,20527,19767,28695,36595,32724,24763,12680,7104,461,8,3,4,1,2,10
316,담양문화회관,3.584,,35.3162792,126.9855744,16023,15475,3286,5735,6245,5798,7598,13426,12924,6652,4110,316,11,1,5,1,2,9
317,달성문화원,357,758,35.6981182,128.4504204,44883,47860,20944,17454,18151,30804,33194,25853,20670,9099,4341,408,8,1,0,1,1,3
318,달성문화센터,527.67,288,35.865245,128.4607069,337595,326584,94708,129281,156741,159060,214800,242719,193638,85797,31728,1761,19,6,1,3,4,14
319,달서아트센터 (구. 웃는얼굴아트센터),9230,28767,35.8432116,128.5227107,669265,632695,158789,221419,318847,308901,394289,465728,404915,207937,85561,4176,4,23,6,12,10,51
320,단양군문화예술회관,,,36.9856504,128.3681905,8203,8429,1350,2605,3450,2419,3750,5822,7106,3956,2208,91,12,2,1,1,2,6
321,다산아트홀,1171,29150,37.6138974,127.1553959,1031415,974980,265111,340078,500798,557595,645792,650902,563829,281893,98341,4219,16,28,9,5,7,49
322,논산아트센터(구. 논산문화예술회관),"2,615",6495,36.1830103,127.1018976,44890,44078,11641,17469,17040,17409,24606,28580,29717,16887,11138,1176,5,3,2,1,1,7
323,노원어린이극장(구.노원어울림극장),"1,471",7140,37.6544503,127.0636915,1262459,1170307,262732,380997,669900,637962,728792,817290,724515,395003,158940,5518,38,51,23,11,9,94
324,노원문화예술회관,13167,7976,37.6501606,127.0799904,1322689,1228986,283525,402673,684619,667218,771767,855176,757309,409824,163466,5583,17,49,20,14,9,92
325,노들섬,9349,26572,37.5179707,126.9577411,2002886,1853705,410195,561421,1209038,1239181,1182207,1191287,997150,552541,204774,5648,3,68,112,35,14,229
326,남해문화센터(구. 남해군문화체육센터),"2,023.53",212,34.8450832,127.8995562,12956,12151,1411,3416,2371,2585,4954,8535,11221,7582,5258,606,2,2,2,1,2,7
327,남한산성아트홀,1039,22328,37.4250682,127.2625782,164746,167318,54226,59958,73608,94506,116788,117012,97262,42465,13143,450,0,6,4,1,1,12
328,남산골한옥마을,7934,14278,37.5609677,126.9961131,2091907,1905476,423889,579148,1232133,1219229,1216934,1263937,1072777,606897,239725,6351,22,83,135,34,16,268
329,남동소래아트홀,9994,14536,37.3875623,126.7244797,715250,723233,204605,280544,355160,380407,486961,504186,377938,151317,58422,4025,10,23,8,5,5,41
330,남도소리울림터,5193,3802,34.804911,126.4629634,141290,138006,38913,57392,57455,58470,89284,90501,79970,48300,22738,1583,10,6,11,3,2,22
331,나주문화예술회관,5610.71,,35.0224606,126.7125309,43648,43179,11502,14068,16770,18773,22730,25308,24608,16420,10760,1224,10,3,5,1,2,11
332,나루아트센터,1644.7,29141,37.5375194,127.0706501,1939773,1796832,423689,589748,1050517,1131055,1172177,1196502,1034596,545496,184879,6404,28,77,55,30,13,175
333,꿈의숲아트센터,22283.61,46798,37.6217709,127.0411741,1553845,1436433,307438,436359,866760,826662,874296,984522,879207,480160,193731,6402,6,68,80,25,15,188
334,꿈나무극장,424,3103,37.4897196,126.8865539,1896306,1788724,394591,530542,1111681,1159635,1108212,1152735,1021589,535756,188424,6573,15,63,19,19,14,115
335,꿈나래어린이극장,717,2635,35.291564,129.1051802,245552,233759,64084,83464,110456,109202,150842,151768,152168,84719,33636,2537,7,5,8,4,4,21
336,꽃바위문화관,"2,554.89",,35.4870648,129.41124,110572,121350,36943,43707,48274,65056,79084,81167,72204,26527,6141,319,15,4,1,1,2,8
337,김해칠암문화센터(칠암도서관),"5,868",1747,35.2445406,128.9102038,154128,154859,34917,53413,75953,68465,91368,125032,93879,38836,16179,1202,9,4,9,4,6,23
338,김해서부문화센터,18383,33287,35.1726125,128.820823,162708,164258,55283,72833,64684,82211,121670,118527,78741,31910,11873,1052,14,7,4,3,3,17
339,김해문화의전당,43782.2,12871,35.2424768,128.8631869,206877,206278,55797,85695,96817,93586,139494,164021,110908,44630,17932,1511,21,4,10,4,5,23
340,김해문화원,407,,35.2316307,128.8706987,223261,222105,60688,94229,101516,99217,151208,173122,116308,47142,18549,1503,24,5,10,5,5,25
341,김해가야테마파크 철광산공연장,"3,780",,35.2505361,128.8929141,157880,158155,35891,54667,76855,69041,92951,126169,92886,37747,15729,1195,0,4,10,4,5,23
342,김해 장유문화센터,"18,383",3909,35.1916555,128.798513,180733,179295,56682,80282,73922,88533,130846,135375,88816,33119,11578,868,11,5,5,2,1,13
343,김포아트홀,2167,9891,37.6188962,126.7201557,596899,567725,191714,230459,257719,327170,415427,400985,281681,117628,52283,3464,28,19,5,6,6,36
344,김천시문화예술회관,1789,10572,36.1382486,128.0886516,49046,48624,9597,15887,18192,17053,24406,34358,35702,21069,12587,1091,8,1,1,2,3,7
345,김천시립문화회관,519,1221,36.1156239,128.1181577,54472,54189,9489,16786,19455,18293,26197,36563,39669,23933,14110,1178,0,2,1,2,3,8
346,김제문화예술회관,"4,867",9104,35.8028982,126.877099,27910,26638,5542,9376,8099,8508,14006,17782,19476,12847,8742,966,7,3,3,1,2,9
347,김정문화회관,"1,636.23",5206,33.250729,126.5079739,44416,43469,17020,20531,18829,23754,34622,36619,29770,16990,7975,472,23,5,11,2,2,20
348,금천문화원(금천문화회관),"2,025",,37.4465482,126.9043134,1445311,1387223,317140,411345,841338,874012,843604,892288,786012,405418,145891,5140,17,47,12,15,12,86
349,금천구민문화체육센터,"9,115.58",,37.4701375,126.9072634,1639670,1558489,355533,474747,945820,989417,967909,1008853,888115,467726,164884,5645,10,49,15,18,12,94
350,금정문화회관,6089,11371,35.2605234,129.0819706,525786,490460,124099,166142,229276,232931,303620,341976,345622,183716,68619,4338,7,16,13,3,7,39
351,금산다락원 생명의집,,2010,36.1129888,127.4914838,17616,17235,3979,7068,5221,5903,10305,12235,10904,7240,4098,301,5,4,3,1,4,12
352,금나래아트홀,6424,13275,37.4568163,126.8954085,1534637,1469743,336930,439112,888982,926551,899949,947217,840080,435833,153663,5375,16,50,14,18,12,94
353,근로자종합복지회관,"4,607.30",,35.5460817,129.3362641,344912,357290,101428,129064,158674,181377,223207,265331,209605,80320,22441,1090,20,9,5,4,5,23
354,군포시평생학습원,"6,222.45",1709,37.346351,126.9430826,776079,758527,201359,280583,395362,418049,482338,554430,430087,173180,70103,3939,22,29,8,7,5,49
355,군포문화예술회관,"24,926",39687,37.3662808,126.9273007,657508,642259,174900,232871,325563,360383,405664,465973,370039,146721,58832,3258,27,27,8,5,5,45
356,군위 삼국유사교육문화회관,"2,239",,36.2372849,128.5744108,6754,6910,1678,1881,1721,2753,3754,4657,5495,3406,2316,311,8,1,1,1,2,5
357,군산청소년회관,1201,,35.9790473,126.6968392,123814,123762,33565,45282,48167,52407,78280,82197,74495,42861,19681,1814,2,7,7,3,2,19
358,군산예술의전당,20417,32932,35.9608092,126.7074007,123445,123543,34175,45434,48073,53157,78419,81587,73792,42243,19367,1755,11,7,7,3,2,19
359,군산어린이공연장,1044,1180,35.9573521,126.69142,122635,122556,34016,45190,47995,53048,78049,81183,73062,41793,18851,1681,10,7,6,3,2,18
360,국립중앙박물관 극장 용,532,138065,37.5186337,126.9848172,1902076,1755846,378985,517953,1204313,1187916,1103485,1111215,930139,524684,195305,5251,11,67,130,36,15,248
361,국립정동극장 세실 (구.세실극장),,4837,37.5669296,126.9708741,1893937,1722499,391112,522999,1101407,1091247,1087162,1126670,958293,539797,220462,5746,15,75,132,30,18,255
362,국립정동극장,,51053,37.5658794,126.9728864,1922845,1749049,396720,530556,1123903,1111064,1105340,1143726,973624,549421,224126,5839,13,76,130,30,17,253
363,국립아시아문화전당,22478,45292,35.1467193,126.9202542,526496,501512,132554,190063,278643,245299,311990,342256,281852,152781,63487,4095,23,20,26,14,12,72
364,국립부여박물관,9579,63,36.2770051,126.918901,19752,19170,2386,6014,7941,4930,8179,12932,15822,9730,6364,642,2,1,7,2,2,12
365,국립부산국악원,20324,4853,35.1715949,129.0543017,1146510,1062865,239005,326759,537575,518562,634995,725093,751686,418431,158571,8618,10,30,30,11,28,99
366,국립민속국악원,9523,,35.402081,127.391433,27862,26291,5618,8653,8190,8195,13655,18857,18811,12822,8560,770,0,3,3,3,1,10
367,국립무형유산원,29615,,35.8099898,127.1599841,311025,298169,80641,123785,164971,141948,185641,201771,161112,85346,39234,3144,15,13,18,8,6,45
368,국립남도국악원,8899,,34.3849048,126.2247902,3110,2908,976,1102,1053,1304,2016,2464,2599,1647,1072,45,1,0,4,1,0,5
369,국립극장,,158255,37.5528698,127.0001308,2123608,1936436,431473,601855,1256327,1239647,1240250,1275506,1071468,603221,233968,6267,4,88,141,39,16,284
370,국립극단 [명동],240,28564,37.5643018,126.9846643,2000387,1821664,405106,537976,1182232,1168003,1145205,1197248,1021803,578593,234054,6147,40,81,137,32,14,264
371,국립국악원,5435,77610,37.4777592,127.0083043,1326002,1229543,283436,406083,767081,809846,812314,798057,670759,374068,126310,3880,13,48,44,19,7,118
372,국립과천과학관,52487,13164,37.438974,127.0057666,1019754,963296,232022,341414,579142,597942,629955,623803,506324,262987,85288,3012,11,34,21,13,4,72
373,구미시문화예술회관,10430,,36.1182019,128.348745,199336,212289,62863,86326,97518,112602,144632,144544,93720,34065,16038,1570,17,8,3,1,0,12
374,구리행정복지센터,4815,,37.5914714,127.1385849,1373351,1296045,334214,427805,723124,766623,838318,853860,757842,381489,132442,5134,21,42,15,10,9,76
375,구리아트홀,4367.53,20010,37.5953516,127.1296581,1474330,1387030,349855,457464,789623,814081,890540,915420,809367,413129,146562,5417,11,42,22,14,10,88
376,구로아트밸리,5543,12425,37.4965581,126.8889641,1966552,1841422,406335,546993,1159642,1197253,1139165,1179321,1042080,547211,193684,6796,27,64,19,22,15,120
377,구로구민회관,3586,2876,37.4969468,126.8895561,1975910,1849564,409886,550392,1162879,1201704,1145353,1183892,1045385,549269,194652,6790,29,64,19,22,15,120
378,구례군 문화예술회관,,,35.2068468,127.4713353,10008,9177,1392,3099,3621,2622,4187,6824,7346,5363,4408,627,6,2,2,1,1,6
379,괴산문화예술회관,7793,,36.8068274,127.7937489,10017,10597,1794,2796,2888,3046,4812,6771,7016,3561,2176,194,11,1,2,1,2,6
380,광화문아트홀,507.47,514,37.5742758,126.9646707,1729831,1571391,356338,479908,1007255,992652,989217,1035357,881018,494142,206023,5630,17,67,123,28,18,236
381,광천문예회관,425.88,,36.504503,126.6252489,10567,10493,2635,4069,3053,3352,6426,7467,7570,4776,3105,370,14,1,1,1,0,3
382,광주학생교육문화회관,1387,,35.1558018,126.8571469,711517,686371,199000,284413,379058,341885,452153,468259,349319,178820,75106,5373,12,27,21,15,16,79
383,광주음악산업진흥센터(광주음악창작소),4960,253,35.1422394,126.9140355,531585,506708,132917,191177,280584,245936,313822,344529,283235,153441,63829,4143,7,20,27,14,12,73
384,광주서구문화센터,376.8,254,35.1313612,126.8602571,651580,625967,178842,254220,342905,310319,408590,422846,325102,170764,71266,5018,9,24,21,15,15,75
385,광주북구평생학습관,624.6,,35.1728612,126.9136477,613736,588234,164173,237516,329441,290083,380028,403319,309952,162664,68777,4845,12,21,26,14,13,74
386,광주북구청소년수련관,3305,,35.1842338,126.915855,597585,572897,157264,230272,320740,280541,368234,392640,301826,159158,67077,4583,6,21,26,14,13,74
387,광주동구문화센터,4513,,35.1240942,126.9332494,467749,442959,111333,162055,248323,213435,269883,303284,262246,147587,63726,4353,20,18,25,11,13,67
388,광주남구문화예술회관,13808,194,35.122053,126.9175307,468729,444633,113237,164205,250288,216057,272536,303336,259992,144451,60079,3789,5,18,25,13,12,68
389,광주광역시 청소년수련원,8357,1223,35.1410307,126.8676647,699898,673078,195950,279461,371225,335624,444986,457952,343825,177451,74174,5211,1,25,22,15,16,78
390,광주공연마루,,18353,35.1558668,126.8409239,700200,675913,195113,280618,373010,335350,445131,460436,341599,173994,72917,5249,8,23,16,14,12,65
391,광양시문화예술회관,4185,3846,34.9801425,127.5877565,113331,112085,39867,48802,50170,55355,74079,80150,56551,23723,12287,1497,7,7,2,1,2,12
392,광산문화예술회관,625,5318,35.1405195,126.799198,383605,372930,115158,163771,199452,190091,261712,259292,177535,85447,34928,2700,19,8,3,7,6,24
393,광산구청소년수련관,3448,,35.2234448,126.8432782,426132,415612,122097,177569,235142,208957,277482,284095,190868,89274,38196,3202,11,10,8,5,2,25
394,광명종합사회복지관,320,,37.4717061,126.8526377,1688332,1622565,361311,492355,940231,998580,998047,1072799,948330,468377,161727,6706,25,60,11,20,13,104
395,광명오픈아트홀,727,,37.4667072,126.8640422,1664412,1602799,351555,477847,955110,989879,976847,1049010,929323,468669,163077,6263,12,54,11,20,13,98
396,광명시민회관,1042,9172,37.4776299,126.8646287,1779573,1706428,379692,515726,1020778,1066618,1049754,1117178,986827,494925,171264,6812,29,60,13,20,14,107
397,광명문화원,2314,,37.46646,126.8729918,1654253,1590755,349935,472319,961084,992132,971672,1039060,922923,470734,163467,6021,14,54,10,19,13,96
398,관악아트홀(구. 관악문화관),3053.45,4855,37.4675139,126.9448053,1602389,1517922,347236,453674,935246,992487,944841,981787,844972,443332,159558,5424,13,48,28,20,12,108
399,과천시민회관,22237,15568,37.4279849,126.9896791,1015115,967577,227695,308737,588481,600408,598347,638516,545350,273033,94005,3617,31,34,21,13,7,75
400,공주문예회관,1225,20564,36.4600334,127.1115617,38275,35700,5291,13131,20802,11723,16655,23058,25633,14335,9078,832,13,3,9,1,2,15
401,곡성레저문화센터,5759.74,,35.2802521,127.2970233,7633,7078,1097,1961,1759,1718,3091,4807,5507,3524,2593,229,20,1,1,1,2,5
402,고흥문화회관,5634,,34.6158362,127.3001885,10353,9592,943,1348,1379,1628,3458,6688,8781,6954,5788,632,0,2,3,1,1,7
403,고창문화의전당,4049,7932,35.4332507,126.7042376,14541,14387,2243,3900,3141,3670,6015,9245,11893,8148,6219,484,11,3,2,2,2,9
404,고양어울림누리,27911.12,105239,37.6488817,126.8335111,687872,637749,170051,229626,318076,361386,425974,475795,362971,167298,82359,4303,15,21,11,4,5,41
405,고양아람누리,10842,132955,37.6616311,126.7746828,675742,634015,203268,258445,294137,352385,452645,472809,324747,141046,71249,3921,12,24,7,7,7,45
406,고양시문예회관,815,422,37.6581392,126.8321657,616436,574718,157644,212054,278246,315312,385005,434569,318996,143517,73476,4083,31,18,11,4,5,38
407,고성문화체육센터,3691,,34.9812535,128.3122533,16111,16017,1334,3121,2699,3396,6190,10231,14564,9984,6424,585,0,1,2,1,2,6
408,고성문화관,413.82,,38.3788017,128.4669411,6391,6475,1666,1392,2164,2807,2885,4121,5374,3122,1774,138,9,2,1,2,2,7
409,고성군문화복지센터,4415,,38.4361293,128.4525642,6021,6086,2097,1346,2742,3120,2894,3798,4920,2689,1514,104,17,2,3,2,2,9
410,계양청소년수련관,1654,,37.5545035,126.7332674,1068314,1031167,281837,369359,519442,594437,680907,756330,616297,247246,93104,5934,0,35,10,11,9,65
411,계양문화회관,2129.5,4451,37.5461353,126.7180809,1040871,1010797,275659,356930,501821,579988,660320,736095,596325,234493,89019,5775,11,36,9,13,9,67
412,계룡문화예술의전당,4095,3773,36.2716208,127.2329289,38179,37592,11376,17659,15053,16476,26700,28921,23029,11705,6279,606,8,2,0,1,0,3
413,경주예술의전당,6163.98,28015,35.8594729,129.2139792,75774,73786,17485,26264,32057,28254,42602,54647,50004,27120,14118,1351,2,3,9,2,2,16
414,경상북도교육청문화원,,,36.0738115,129.3916475,173981,173941,43741,59898,66419,73757,100694,124182,120685,56552,21931,1996,6,6,3,5,1,15
415,경상남도문화예술회관,2464,41319,35.1867394,128.0920659,163026,158606,43322,63106,80985,71789,95684,104800,94812,49901,23463,1750,5,9,8,2,2,21
416,경산시민회관,967,4830,35.8181572,128.7478644,212993,205234,57920,83758,108153,98405,132381,142216,116035,57952,25426,1556,6,4,7,1,3,15
417,경북도청 동락관,191.49,856,36.5753879,128.5054506,17824,17185,3686,4672,3620,5120,7099,9390,12404,8113,6122,545,3,2,2,1,0,5
418,경북고령대가야문화누리 (구. 대가야국악당),35126,,35.7235371,128.2629812,9143,8955,743,1847,1375,1456,2929,6349,9536,6599,4439,412,5,1,2,1,2,6
419,경기아트센터(구. 경기도문화의전당),56835,151750,37.2618899,127.0374319,1048528,1044712,334958,434064,558551,617967,740176,676981,446870,198890,73023,3648,16,41,18,11,4,74
420,경기도어린이박물관,26896,,37.2680727,127.1097379,928654,913444,310800,397998,480517,546240,672905,577387,365294,174096,66186,3898,20,32,16,11,3,62
421,검단복지회관,360,3385,37.6007091,126.6655044,471612,461586,179762,194109,200868,282505,351990,303373,219210,87501,31161,2155,8,12,4,3,4,23
422,거창문화원,2580,1848,35.6740297,127.9094175,23492,22584,3433,7184,5448,5751,9662,15666,18119,11911,8485,789,5,2,1,2,1,6
423,거창문화센터,4158,13056,35.6739115,127.9104261,23287,22390,3379,7064,5384,5653,9476,15499,17977,11848,8477,789,5,2,1,2,1,6
424,거제시청소년수련관,7630,3580,34.8848677,128.6189006,93254,101085,33207,41657,27667,48330,74496,66434,48764,18146,6613,524,8,6,2,1,0,9
425,거제문화예술회관,10691.99,14523,34.8671481,128.7236289,72242,77418,28710,32814,21055,40572,59568,49950,36419,13352,4427,298,19,4,2,1,1,8
426,강진아트홀,4802,,34.6381096,126.7704036,10873,10168,1106,1743,1973,2127,3225,6190,7847,6202,5102,466,3,1,3,1,1,6
427,강원대학교 백령아트센터,,26409,37.8689546,127.7450121,138924,131719,34470,52283,75203,61489,75909,85770,78067,38139,21843,1359,8,9,14,4,2,29
428,강서구민회관,858,1097,37.5519333,126.8416092,1606271,1499931,359460,479816,842208,942242,967957,1009395,877243,437081,160512,6671,10,52,16,15,9,92
429,강북문화예술회관,11228,9034,37.6407905,127.0134278,1353311,1240930,262383,394253,740172,695283,762117,865051,771853,429920,178862,5848,23,59,84,19,14,176
430,강릉아트센터(구. 강릉문화예술관),6764,42637,37.773099,128.8964454,90534,88855,19302,31583,46466,34678,51945,59339,57215,31298,15316,1128,9,3,15,4,3,25
431,강릉단오제전수교육관(구. 단오문화관),4115,4858,37.7482174,128.895122,89777,88027,19295,31549,46203,34606,51752,58896,56549,30940,15063,1126,12,3,14,4,3,24
432,강동어린이회관,474,,37.5291753,127.1224527,1598196,1498720,388723,502420,817255,943482,995576,982913,854237,429423,132920,5155,26,58,24,14,6,102
433,강동아트센터,6210.91,31873,37.5511028,127.1696401,1148748,1081526,311960,361578,556165,683579,724553,703934,619393,297476,89621,3828,13,32,17,9,7,65
434,강동문화복지회관,1329,18040,36.0900787,128.4546454,106010,119633,37650,49242,58906,70534,86422,70400,37647,12143,5451,600,3,3,0,1,0,4
435,강남구민회관,804.5,,37.4938496,127.06415,1534377,1416191,359444,477677,796487,921881,954549,937471,796135,415831,130969,4790,26,54,44,19,6,123
436,가평문화예술회관,1843,66,37.8249459,127.5072685,10397,10456,1843,2965,4055,3712,5411,7695,9628,5063,2851,216,5,1,1,1,1,4
437,가정생활문화센터 (구.가정청소년문화의집),563,82,37.5156776,126.6797422,1143019,1112978,283369,380159,565992,623938,714154,797444,671358,285531,109942,7105,16,40,20,18,14,92
438,YMCA정읍시청소년수련관,1347,,35.5631154,126.8575669,38223,36833,8134,13158,12144,11985,21116,26672,24182,15997,10310,912,9,3,3,3,2,11
439,KBS홀,10890,,37.5253618,126.916382,2193667,2036058,452564,610489,1274719,1330623,1279528,1311673,1146509,622397,228259,7120,17,70,65,32,18,185
440,KBS 수원아트홀,439,11541,37.269308,127.0320388,1027212,1024100,319401,418199,551649,601818,714643,667471,444641,200483,74889,3754,16,39,16,10,4,69
441,5.18기념문화센터,1408,48752,35.1558018,126.8571469,711517,686371,199000,284413,379058,341885,452153,468259,349319,178820,75106,5373,12,27,21,15,16,79
442,3.15아트센터,19812,10609,35.2258547,128.5772581,280060,278263,68521,94925,120325,128086,168511,196469,180785,83840,30842,2212,10,8,5,1,3,17
443,(재)영화의전당,32137,74532,35.1711671,129.1271917,894513,818113,190696,264357,412325,402356,507028,558006,565480,323528,125972,6517,13,24,23,9,13,69
444,(재)구리시청소년수련관,7333,1356,37.6037984,127.1418065,1281748,1205776,313269,402204,656019,706231,785199,802042,706532,357598,125605,5030,33,35,9,9,7,60
