city,small,name,address,size,user,latitude,longitude,Population_woman,Population_man,under10,10대,20대,30대,40대,50대,60대,70대,80대,90대,transit_count,도서시설,전시시설,공연시설,지역문화활동시설,total
강릉시,,강릉문화의집,강원도 강릉시 율곡로 2923-12 행복한모루1층,327,16678,37.76383716,128.8912265,13096.0,12469.0,2987.0,5157.0,5746.0,4966.0,8109.0,9451.0,7558.0,4159.0,2159.0,122.0,9.0,1.0,1.0,0.0,1.0,3.0
강릉시,,주문진문화의집,강원도 강릉시 주문진읍 신리대동길25,692.5,50,37.88162247,128.8220528,4061.0,3806.0,1224.0,1583.0,1748.0,1917.0,2623.0,3133.0,3073.0,1686.0,916.0,183.0,10.0,1.0,0.0,0.0,1.0,2.0
강원,강릉시,강릉문화원,강원특별자치도 강릉시 하슬라로 96,"2,157","300,000",37.7587611,128.8738049,11644.0,11057.0,2005.0,4759.0,9232.0,4317.0,6374.0,6633.0,6558.0,4023.0,2338.0,299.0,9.0,0.0,0.0,0.0,1.0,1.0
강원,고성군,고성문화원,강원특별자치도 고성군 간성읍 간성로 71-7,672,"9,500",38.3788017,128.4669411,1364.0,1554.0,368.0,210.0,402.0,561.0,400.0,749.0,1333.0,703.0,353.0,45.0,9.0,1.0,0.0,1.0,2.0,4.0
강원,동해시,동해문화원,강원특별자치도 동해시 평원로 17,"1,666","45,000",37.5268717,129.1144864,8644.0,8420.0,2094.0,2645.0,2916.0,3203.0,4805.0,5381.0,5420.0,2464.0,1155.0,79.0,5.0,0.0,0.0,1.0,2.0,3.0
강원,삼척시,삼척문화원,강원특별자치도 삼척시 오십천로 408(읍중동),980,"114,000",37.4413892,129.163157,4340.0,4202.0,265.0,565.0,1058.0,942.0,1823.0,2855.0,3901.0,2625.0,1754.0,259.0,12.0,1.0,1.0,1.0,1.0,4.0
강원,속초시,속초문화원,강원특별자치도 속초시 번영로 155(영랑동),185,"34,000",38.2153465,128.5932895,3451.0,3501.0,377.0,633.0,848.0,977.0,1681.0,2686.0,3633.0,2330.0,1183.0,49.0,13.0,1.0,0.0,1.0,1.0,3.0
강원,양구군,양구문화원,강원특별자치도 양구군 양구읍 비봉로 73번길 52 문화복지센터 2층,103,"18,500",38.1088894,127.9842263,2198.0,2179.0,642.0,507.0,797.0,848.0,897.0,1356.0,1467.0,688.0,472.0,42.0,5.0,1.0,0.0,2.0,1.0,4.0
강원,양양군,양양문화원,강원특별자치도 양양군 양양읍 양양로 114-5,"1,454","17,297",38.0741432,128.6164642,4106.0,4210.0,745.0,884.0,1262.0,1477.0,2181.0,2921.0,3340.0,1937.0,1125.0,57.0,7.0,1.0,0.0,0.0,1.0,2.0
강원,영월군,영월문화원,강원특별자치도 영월군 영월읍 단종로 12,273,"19,350",37.1847102,128.4684933,3509.0,3641.0,280.0,620.0,697.0,807.0,1252.0,2871.0,4698.0,2596.0,1538.0,81.0,14.0,0.0,2.0,1.0,1.0,4.0
강원,원주시,원주문화원,강원특별자치도 원주시 무실로 235,"4,296","128,869",37.3389158,127.9376984,16303.0,15181.0,2886.0,5502.0,7492.0,6434.0,9092.0,11923.0,11195.0,4665.0,2774.0,199.0,12.0,0.0,0.0,1.0,1.0,2.0
강원,인제군,인제문화원,강원특별자치도 인제군 인제읍 비봉로 29번길 17,"2,943","17,500",38.0678956,128.1752388,2320.0,2444.0,300.0,310.0,941.0,612.0,711.0,1641.0,2064.0,1228.0,863.0,51.0,9.0,1.0,2.0,0.0,1.0,4.0
강원,정선군,정선문화원,강원특별자치도 정선군 정선읍 봉양5길 43,650,"9,000",37.3808599,128.6618681,2401.0,2357.0,504.0,692.0,768.0,883.0,1464.0,1870.0,2123.0,1367.0,755.0,48.0,8.0,1.0,0.0,0.0,1.0,2.0
강원,철원군,철원문화원,강원특별자치도 철원군 갈말읍 삼부연로 42,783,"18,000",38.1452549,127.3128102,2664.0,2757.0,767.0,750.0,896.0,1241.0,1278.0,1903.0,2053.0,827.0,554.0,6.0,0.0,1.0,0.0,0.0,1.0,2.0
강원,춘천시,춘천문화원,강원특별자치도 춘천시 퇴계농공로 40(퇴계동),"1,671","90,000",37.8494997,127.7435051,18284.0,16920.0,5460.0,9296.0,8136.0,8007.0,12792.0,12919.0,9827.0,4242.0,2170.0,124.0,15.0,0.0,0.0,0.0,1.0,1.0
강원,태백시,태백문화원,강원특별자치도 태백시 태백로 1136,"1,052","1,000",37.1371815,129.0011426,2618.0,2638.0,0.0,0.0,34.0,53.0,14.0,186.0,223.0,61.0,44.0,12.0,6.0,1.0,0.0,0.0,0.0,1.0
강원,평창군,평창문화원,강원특별자치도 평창군 평창읍 문화예술길 53,,"10,000",37.3618745,128.3907591,1120.0,1104.0,67.0,101.0,153.0,154.0,340.0,813.0,1359.0,871.0,443.0,31.0,4.0,1.0,0.0,1.0,1.0,3.0
강원,홍천군,홍천문화원,강원특별자치도 홍천군 홍천읍 연봉중앙로 11-8,778,"5,000",37.6825302,127.8774469,5922.0,5741.0,2082.0,2222.0,2953.0,3037.0,3932.0,4319.0,3570.0,1629.0,691.0,34.0,4.0,1.0,1.0,2.0,1.0,5.0
강원,화천군,화천문화원,강원특별자치도 화천군 하남면 용화산로 1357,"1,703","15,000",38.0903565,127.6976716,500.0,542.0,98.0,136.0,186.0,114.0,220.0,224.0,391.0,181.0,77.0,0.0,1.0,0.0,0.0,0.0,2.0,2.0
강원,횡성군,횡성문화원,강원특별자치도 횡성군 횡성읍 앞들서3로 6,"2,253","10,000",37.4879823,127.9760526,3186.0,3202.0,314.0,779.0,814.0,804.0,1135.0,2144.0,2736.0,1454.0,838.0,58.0,2.0,2.0,0.0,1.0,1.0,4.0
강원특별자치도,정선군,고한 복합문화센터,강원특별자치도 정선군 고한읍 고한 9길 81,4840.11,,37.2029743,128.8543191,888.0,1097.0,92.0,128.0,146.0,141.0,309.0,505.0,581.0,266.0,111.0,0.0,6.0,0.0,0.0,0.0,1.0,1.0
강원특별자치도,양구군,국토정중앙면 생활문화센터,강원특별자체도 양구군 국토정중앙면 삼팔선로 15,,"3,018",38.1084164,128.0344225,184.0,246.0,30.0,58.0,23.0,75.0,137.0,172.0,143.0,81.0,28.0,0.0,6.0,0.0,0.0,0.0,1.0,1.0
강원특별자치도,평창군,달빛 생활문화센터,강원특별자치도 평창군 봉평면 덕거리 387-3,705.23,"4,500",37.6427108,128.3950004,0.0,0.0,0.0,0.0,0.0,0.0,0.0,0.0,0.0,0.0,0.0,0.0,2.0,0.0,0.0,0.0,1.0,1.0
강원특별자치도,영월군,덕포생활문화센터,강원특별자치도 영월군 영월읍 덕포하리2길 18,,"2,000",37.1760327,128.4762807,2439.0,2447.0,596.0,777.0,755.0,904.0,1226.0,2043.0,2202.0,987.0,565.0,5.0,7.0,0.0,0.0,0.0,1.0,1.0
강원특별자치도,양구군,동면생활문화센터,강원특별자치도 동면 금강산로 1699,875.6,660,38.202912,128.0435948,244.0,242.0,220.0,238.0,134.0,204.0,270.0,180.0,147.0,54.0,13.0,0.0,6.0,0.0,0.0,0.0,1.0,1.0
강원특별자치도,동해시,동해시 생활문화센터,강원특별자치도 동해시 천곡2길 8,717.7,"20,000",37.5244346,129.1125297,10911.0,10693.0,2352.0,2879.0,3377.0,3637.0,5229.0,6352.0,5779.0,2733.0,1076.0,92.0,5.0,0.0,0.0,1.0,2.0,3.0
강원특별자치도,양구군,방산면 생활문화센터,강원특별자치도 양구군 방산면 평화로5135-4,399.2,300,38.2090081,127.9461255,247.0,250.0,439.0,307.0,92.0,226.0,420.0,72.0,0.0,0.0,0.0,0.0,3.0,0.0,1.0,0.0,1.0,2.0
강원특별자치도,정선군,북평 생활문화센터,강원특별자치도 정선군 북평면 북평3길 73,208.24,300,37.4470789,128.6647358,348.0,340.0,60.0,86.0,41.0,79.0,197.0,137.0,154.0,48.0,12.0,0.0,7.0,0.0,0.0,0.0,1.0,1.0
강원특별자치도,정선군,신동 생활문화센터,강원특별자치도 정선군 신동읍 함백로 565,428.51,,37.2150284,128.694288,0.0,0.0,0.0,0.0,0.0,0.0,0.0,0.0,0.0,0.0,0.0,0.0,5.0,0.0,0.0,0.0,1.0,1.0
강원특별자치도,춘천시,아르숲 생활문화센터,강원특별자치도 춘천시 효석로9번길 13,223.7,"12,581",37.8649951,127.7344657,16158.0,16672.0,3423.0,8678.0,17204.0,8209.0,8956.0,10089.0,8676.0,4395.0,2381.0,43.0,14.0,1.0,0.0,2.0,1.0,4.0
강원특별자치도,원주시,원주생활문화센터,강원특별자치도 원주시 원일로 139 건강문화센터 1층,977,"2,349",37.3515729,127.9468045,9552.0,9035.0,1845.0,3134.0,4633.0,4018.0,5510.0,6638.0,6740.0,3440.0,2057.0,173.0,8.0,0.0,0.0,0.0,1.0,1.0
강원특별자치도,정선군,임계 생활문화센터,강원특별자치도 정선군 임계면 서동로 4575,512.45,450,37.4946926,128.8520734,280.0,304.0,17.0,146.0,36.0,31.0,110.0,211.0,290.0,198.0,147.0,15.0,6.0,0.0,0.0,0.0,1.0,1.0
강원특별자치도,강릉시,임당생활문화센터,강원특별자치도 강릉시 문화의길6,527,"17,654",37.7547408,128.8949635,10196.0,9884.0,2641.0,3806.0,4409.0,4031.0,6168.0,6424.0,5790.0,3790.0,1678.0,158.0,13.0,0.0,1.0,3.0,1.0,5.0
강원특별자치도,정선군,정선군 생활문화센터(아리샘터),강원특별자치도 정선군 정선읍 애산로 21-8,757.2,"1,300",37.375425,128.6714868,1591.0,1569.0,311.0,492.0,502.0,484.0,966.0,1246.0,1338.0,873.0,472.0,37.0,4.0,0.0,1.0,1.0,1.0,3.0
강원특별자치도,원주시,판부생활문화센터,강원특별자치도 원주시 치악로 1503 판부면행정복지센터 2층,514.8,241,37.3187278,127.9664083,11908.0,11789.0,5287.0,5795.0,4359.0,7103.0,9722.0,7733.0,4696.0,1716.0,808.0,38.0,12.0,0.0,0.0,0.0,1.0,1.0
강원특별자치도,영월군,한반도생활문화센터,강원특별자치도 영월군 한반도면 서강로 736-19,,500,37.2343264,128.3286556,179.0,232.0,15.0,39.0,42.0,61.0,94.0,214.0,456.0,252.0,223.0,36.0,8.0,0.0,0.0,0.0,1.0,1.0
강원특별자치도,철원군,화강 생활문화센터,강원특별자치도 철원군 서면 약수로 3,1847.6,"5,189",38.2450345,127.4275884,627.0,618.0,163.0,262.0,276.0,347.0,333.0,502.0,662.0,322.0,244.0,42.0,1.0,0.0,0.0,1.0,1.0,2.0
강원특별자치도,화천군,화천생활문화센터,강원특별자치도 화천군 하남면 용화산로 1357,"2,939","4,000",38.0903565,127.6976716,500.0,542.0,98.0,136.0,186.0,114.0,220.0,224.0,391.0,181.0,77.0,0.0,1.0,0.0,0.0,0.0,2.0,2.0
경기,가평군,가평문화원,경기도 가평군 가평읍 문화로 121(2층),484,"1,300",37.8238472,127.5089754,3014.0,3019.0,453.0,687.0,1187.0,990.0,1292.0,2031.0,2544.0,1407.0,560.0,31.0,7.0,1.0,0.0,1.0,1.0,3.0
경기,고양시,고양문화원,경기도 고양시 일산서구 한류월드로 280,"2,314","3,600",37.6652146,126.7562215,27719.0,25049.0,5469.0,9836.0,12101.0,12275.0,16538.0,18219.0,11579.0,5050.0,3586.0,145.0,10.0,1.0,0.0,0.0,1.0,2.0
경기,과천시,과천문화원,경기도 과천시 문원로 40-1(문원동 31-7),"4,293","50,000",37.4281584,127.0017662,18466.0,17461.0,7490.0,7904.0,8880.0,11906.0,12661.0,14177.0,11056.0,4512.0,2039.0,119.0,8.0,2.0,1.0,0.0,1.0,4.0
경기,광명시,광명문화원,경기도 광명시 철망산로 42,"2,339","71,386",37.46646,126.8729918,40556.0,38305.0,11621.0,16422.0,16582.0,21125.0,28424.0,26648.0,20373.0,8544.0,3076.0,122.0,14.0,1.0,0.0,1.0,2.0,4.0
경기,광주시,광주문화원,경기도 광주시 문화로 85번길 19-12,"1,562","5,000",37.4099617,127.2493895,14495.0,14781.0,4804.0,5601.0,7781.0,8688.0,10818.0,11261.0,9459.0,4055.0,1213.0,31.0,10.0,2.0,0.0,0.0,1.0,3.0
경기,구리시,구리문화원,경기도 구리시 동구릉로 148번길 25,,"15,000",37.611709,127.1393795,25800.0,24187.0,6930.0,9494.0,12474.0,13595.0,16817.0,19963.0,13947.0,5848.0,2384.0,70.0,17.0,0.0,0.0,1.0,1.0,2.0
경기,군포시,군포문화원,경기도 군포시 한세로 56번길 12,"3,660","45,474",37.3472297,126.9548319,12281.0,12570.0,3910.0,5856.0,7542.0,7008.0,9545.0,9981.0,6393.0,2096.0,944.0,118.0,22.0,0.0,0.0,0.0,1.0,1.0
경기,김포시,김포문화원,경기도 김포시 모담공원로 170-1,324,"8,000",37.6461478,126.6958321,8038.0,7683.0,3480.0,2593.0,2143.0,4462.0,5863.0,3624.0,2235.0,1157.0,333.0,0.0,8.0,0.0,0.0,0.0,1.0,1.0
경기,남양주시,남양주문화원,경기도 남양주시 경춘로 883-36(금곡동 754-5),,"4,125",37.6329695,127.1984463,5209.0,5295.0,956.0,1520.0,2210.0,2462.0,2889.0,3708.0,3608.0,1546.0,758.0,16.0,9.0,0.0,0.0,0.0,1.0,1.0
경기,동두천시,동두천문화원,경기도 동두천시 어수로4(상패동) 시민회관,160,"12,000",37.9053748,127.0433105,5779.0,5751.0,1294.0,2167.0,2620.0,2068.0,3191.0,3947.0,4347.0,2369.0,1264.0,37.0,11.0,1.0,0.0,1.0,1.0,3.0
경기,부천시,부천문화원,경기도 부천시 경인로 92번길 33 4층,"1,530","86,733",37.4825216,126.7664747,37143.0,35708.0,6304.0,9844.0,16108.0,17270.0,19526.0,23623.0,21937.0,9814.0,3617.0,171.0,19.0,1.0,0.0,1.0,1.0,3.0
경기,성남시,성남문화원,경기도 성남시 수정구 산성대로 215번길 7,"1,191","18,728",37.4389356,127.1408907,40588.0,42701.0,8340.0,11491.0,22224.0,24015.0,26210.0,28633.0,26343.0,13348.0,4443.0,39.0,20.0,2.0,0.0,0.0,2.0,4.0
경기,수원시,수원문화원,경기도 수원시 팔달구 팔달산로 28,"3,312","50,000",37.2734772,127.0112469,15466.0,16674.0,6545.0,5125.0,12675.0,16865.0,12743.0,13848.0,11554.0,5506.0,2023.0,60.0,4.0,1.0,1.0,1.0,2.0,5.0
경기,시흥시,시흥문화원,경기도 시흥시 연성로 13번길 3 조은프라자 4층(하중동),519,"10,000",37.3905298,126.8047322,6769.0,7009.0,1217.0,2461.0,3383.0,2652.0,4220.0,5817.0,3498.0,1459.0,1052.0,97.0,9.0,0.0,0.0,0.0,1.0,1.0
경기,안산시,안산문화원,경기도 안산시 상록구 석호로 144(사동),"1,993","38,200",37.2986971,126.8481104,19556.0,21743.0,3669.0,6132.0,13126.0,11018.0,12054.0,15889.0,9506.0,3643.0,2333.0,297.0,12.0,0.0,1.0,0.0,1.0,2.0
경기,안성시,안성문화원,경기도 안성시 보개면 종합운동장로 203 문예회관 2층,531,"1,800",37.0149343,127.3231694,2040.0,1918.0,218.0,534.0,600.0,596.0,794.0,1310.0,1589.0,786.0,533.0,43.0,10.0,1.0,0.0,0.0,1.0,2.0
경기,안양시,안양문화원,경기도 안양시 만안구 현충로 53,"2,681","14,000",37.3904291,126.9258184,29949.0,29767.0,5076.0,6154.0,12423.0,14690.0,13442.0,15709.0,14655.0,6910.0,3137.0,234.0,20.0,1.0,0.0,1.0,1.0,3.0
경기,양주시,양주문화원,경기도 양주시 삼일로 29번길 20,770,"1,412",37.8222145,126.986862,3160.0,3574.0,710.0,1008.0,1431.0,1432.0,1561.0,2313.0,2359.0,1106.0,541.0,42.0,20.0,1.0,0.0,0.0,1.0,2.0
경기,양평군,양평문화원,경기도 양평군 양평읍 마유산로 5,"1,687","3,000",37.4978611,127.4864515,4591.0,4339.0,1189.0,1794.0,1813.0,1955.0,2593.0,3241.0,3003.0,1434.0,704.0,38.0,8.0,0.0,1.0,0.0,1.0,2.0
경기,여주시,여주문화원,경기도 여주시 신륵사길 6-6,331,300,37.300211,127.6522042,2072.0,2004.0,737.0,1392.0,932.0,1031.0,1843.0,1759.0,998.0,309.0,145.0,0.0,12.0,1.0,2.0,0.0,1.0,4.0
경기,연천군,연천문화원,경기도 연천군 연천읍 문화로 143,529,180,38.1063997,127.0785868,923.0,969.0,475.0,406.0,401.0,569.0,772.0,511.0,492.0,252.0,179.0,0.0,13.0,1.0,0.0,1.0,1.0,3.0
경기,오산시,오산문화원,"경기도 오산시 성호대로 89,201호(오산동, 오산세명프라자)",180,"8,000",37.1491583,127.0741931,15480.0,16701.0,5829.0,7546.0,10082.0,11861.0,13930.0,12113.0,7863.0,3394.0,1347.0,87.0,23.0,1.0,0.0,0.0,1.0,2.0
경기,용인시,용인문화원,경기도 용인시 처인구 중부대로 1199 문화예술원,,"30,000",37.2408414,127.1775117,5855.0,5596.0,2819.0,2528.0,4057.0,3764.0,3954.0,3220.0,2095.0,803.0,184.0,0.0,19.0,0.0,0.0,1.0,1.0,2.0
경기,의왕시,의왕문화원,경기도 의왕시 백운로 23(오전동),"1,651","10,000",37.3520906,126.9820908,9187.0,9070.0,2213.0,3497.0,3992.0,4596.0,5801.0,6702.0,6430.0,2651.0,1142.0,84.0,11.0,0.0,0.0,1.0,2.0,3.0
경기,의정부시,의정부문화원,경기도 의정부시 산단로 123(신곡동),"2,036","42,160",37.7461544,127.0794299,14807.0,13858.0,3916.0,5540.0,7169.0,6505.0,9036.0,11626.0,8076.0,3537.0,1495.0,58.0,10.0,0.0,0.0,0.0,1.0,1.0
경기,이천시,이천문화원,"경기도 이천시 남천로 31, 중리동행정복지센터 2층",809,"21,792",37.2780432,127.4411605,11810.0,12257.0,2048.0,3014.0,6345.0,6223.0,5764.0,7201.0,7775.0,3572.0,1624.0,75.0,18.0,1.0,0.0,0.0,1.0,2.0
경기,파주시,파주문화원,"경기도 파주시 와석순환로 415(운정행복센터, 행정동 2층)",486,"40,000",37.724233,126.7512977,23788.0,21923.0,12985.0,14316.0,10210.0,16480.0,23039.0,18612.0,10958.0,5170.0,2145.0,37.0,10.0,1.0,0.0,1.0,1.0,3.0
경기,평택시,평택문화원,경기도 평택시 중앙로 277(남부문화예술회관 1층),249,"1,000",36.9910695,127.1139476,20748.0,20319.0,6980.0,8359.0,10531.0,12309.0,14152.0,14427.0,10069.0,4511.0,2223.0,49.0,28.0,0.0,0.0,1.0,1.0,2.0
경기,포천시,포천문화원,경기도 포천시 중앙로 34번길 8,"1,686","4,200",37.8907736,127.1984558,6731.0,6718.0,1231.0,2299.0,3390.0,2638.0,3474.0,5416.0,5616.0,2523.0,1368.0,65.0,12.0,1.0,1.0,0.0,1.0,3.0
경기,하남시,하남문화원,경기도 하남시 덕풍동로 12,"1,080","24,554",37.5439342,127.2066743,30533.0,30536.0,7537.0,7660.0,12289.0,17150.0,17536.0,19732.0,19161.0,9358.0,3175.0,212.0,31.0,0.0,1.0,1.0,2.0,4.0
경기,화성시,화성문화원,경기도 화성시 향남읍 발안로 89,548,"4,032",37.1321845,126.9204283,14706.0,14971.0,5799.0,9888.0,6189.0,7549.0,13405.0,9347.0,5292.0,1912.0,597.0,16.0,23.0,2.0,1.0,0.0,2.0,5.0
경기도,수원시,경기생활문화센터,경기도 수원시 권선구 서둔로 166,2329.7,"29,575",37.2665605,126.9831291,10649.0,10948.0,2481.0,3273.0,6504.0,6826.0,6860.0,7907.0,6250.0,3090.0,859.0,5.0,3.0,0.0,0.0,0.0,1.0,1.0
경기도,고양시,고양생활문화센터 아람마당,경기도 고양시 일산동구 중앙로 1286 아람마슬 지하1층,,"14,578",37.6615218,126.7746471,17798.0,16685.0,3458.0,5454.0,7922.0,7740.0,10102.0,12110.0,7934.0,3147.0,1657.0,79.0,11.0,2.0,1.0,1.0,1.0,5.0
경기도,고양시,고양생활문화센터 어울림마당,경기도 고양시 덕양구 어울림로 33 고양어울림누리,,"9,650",37.649016,126.8333733,18597.0,17379.0,3398.0,6170.0,9880.0,9141.0,10974.0,14983.0,11281.0,5255.0,2932.0,83.0,9.0,0.0,0.0,1.0,1.0,2.0
경기도,고양시,고양생활문화센터 호수마당,경기도 고양시 일산동구 호수로 595,,"2,128",37.6578901,126.7635211,11859.0,11294.0,2055.0,3048.0,5217.0,4996.0,6265.0,7595.0,4435.0,1741.0,1095.0,108.0,4.0,0.0,0.0,0.0,1.0,1.0
경기도,파주시,광탄도서관 복합문화공간,경기도 파주시 심궁로 23,483.4,"32,855",37.7803433,126.8525858,1307.0,1437.0,96.0,216.0,462.0,367.0,671.0,1124.0,966.0,546.0,362.0,84.0,9.0,1.0,0.0,0.0,1.0,2.0
경기도,군포시,군포시생활문화센터,"경기도 군포시 수리산로 112 
군포시생활문화센터",,"27,378",37.3591399,126.9178635,18569.0,17299.0,0.0,0.0,0.0,0.0,0.0,0.0,0.0,0.0,0.0,0.0,11.0,1.0,0.0,0.0,1.0,2.0
경기도,화성시,늘봄이음터(동탄2 제1초 이음터),경기도 화성시 동탄대로24길 49 늘봄이음터,1051.8,"3,761",37.2171485,127.1093359,8225.0,8171.0,4333.0,3481.0,3196.0,6862.0,6853.0,4087.0,2796.0,882.0,167.0,0.0,9.0,1.0,0.0,0.0,1.0,2.0
경기도,동두천시,동두천생활문화센터,경기도 동두천시 삼육사로 984 3층,230,"1,200",37.8988014,127.059069,18433.0,17161.0,4499.0,6122.0,7478.0,7485.0,9851.0,11469.0,10246.0,5757.0,3282.0,205.0,22.0,0.0,0.0,0.0,1.0,1.0
경기도,용인시,보정역 생활문화센터,경기도 용인시 기흥구 용구대로 2585,341.8,"10,021",37.3162263,127.1081544,16018.0,15219.0,5078.0,7674.0,6496.0,6606.0,12007.0,10460.0,6257.0,4452.0,1919.0,105.0,14.0,0.0,0.0,0.0,1.0,1.0
경기도,하남시,생활문화센터 하다,경기도 하남시 대청로 8,174.8,,37.5397353,127.2139782,26118.0,26010.0,8092.0,8553.0,11353.0,16016.0,17641.0,18693.0,18173.0,8854.0,2658.0,195.0,20.0,1.0,0.0,1.0,2.0,4.0
경기도,화성시,서연이음터(동탄2 제14중이음터),경기도 화성시 동탄순환대로8길 57 서연이음터,3747.7,"6,562",37.1606476,127.1094863,15435.0,15394.0,10656.0,5585.0,5417.0,15889.0,12179.0,5877.0,3717.0,796.0,81.0,20.0,13.0,1.0,0.0,0.0,2.0,3.0
경기도,성남시,성남서현문화의집 생활문화센터,경기도 성남시 분당구 중앙공원로39번길 29,777.1,"27,055",37.3825517,127.1265732,22377.0,20906.0,6276.0,10725.0,11840.0,13543.0,17258.0,16780.0,9974.0,4569.0,2067.0,91.0,26.0,1.0,0.0,1.0,2.0,4.0
경기도,부천시,소사생활문화센터,"경기도 부천시 경인옛로 73, 지하 1층 소사생활문화센터",805,"14,678",37.4802303,126.7999074,37542.0,35286.0,9119.0,10572.0,18934.0,22613.0,21665.0,27549.0,26801.0,12270.0,4151.0,257.0,18.0,1.0,0.0,0.0,1.0,2.0
경기도,수원시,수원시민회관,경기도 수원시 팔달구 팔달산로 28(매산로3가 산 3),3187.27,"9,365",37.2734772,127.0112469,15466.0,16674.0,6545.0,5125.0,12675.0,16865.0,12743.0,13848.0,11554.0,5506.0,2023.0,60.0,3.0,1.0,1.0,1.0,2.0,5.0
경기도,양평군,양평생활문화센터,경기도 양평군 양평읍 물안개공원길 38,2290.8,"40,632",37.4995129,127.4769014,152.0,166.0,202.0,282.0,181.0,234.0,348.0,352.0,268.0,105.0,29.0,0.0,4.0,0.0,1.0,0.0,1.0,2.0
경기도,부천시,오정생활문화센터,"경기도 부천시 성오로 172, 지하 1층 오정생활문화센터",572,"20,096",37.5280532,126.7960424,24801.0,24522.0,4838.0,8013.0,12945.0,11979.0,14787.0,19342.0,16132.0,6134.0,2334.0,69.0,13.0,2.0,0.0,1.0,1.0,4.0
경기도,김포시,월곶생활문화센터,경기도 김포시 월곶면 군하로 276번길 20,,"2,838",37.7170843,126.5526122,482.0,515.0,92.0,114.0,124.0,164.0,278.0,495.0,728.0,288.0,189.0,14.0,8.0,0.0,0.0,0.0,1.0,1.0
경기도,파주시,파주중앙도서관 복합문화공간,경기도 파주시 쇠재로 33,885,"201,535",37.7508465,126.7712889,18638.0,17977.0,7040.0,8430.0,8147.0,10894.0,13532.0,12627.0,8198.0,3948.0,2055.0,200.0,12.0,1.0,0.0,0.0,1.0,2.0
경기도,평택시,현덕면 생활문화센터,경기도 평택시 인광3길 12-12,1194.3,"1,092",36.9667698,126.921372,278.0,319.0,36.0,65.0,105.0,102.0,161.0,179.0,320.0,169.0,61.0,5.0,7.0,0.0,0.0,0.0,1.0,1.0
경기도,화성시,호연이음터(동탄2 제28초 이음터),경기도 화성시 동탄대로3길 17-9 호연이음터,924.4,"4,396",37.1627189,127.1042033,17736.0,17813.0,10438.0,6220.0,4889.0,14378.0,12689.0,6457.0,3815.0,684.0,31.0,0.0,25.0,1.0,0.0,0.0,2.0,3.0
경기도,화성시,화성ict생활문화센터,경기도 화성시 팔탄면 시청로 895-20 로얄앤컴퍼니 r5동,1471,"2,872",37.1710122,126.8879861,221.0,476.0,10.0,35.0,35.0,56.0,97.0,96.0,264.0,141.0,137.0,32.0,5.0,0.0,0.0,0.0,1.0,1.0
경기도,화성시,화성시 생활문화센터,경기도 화성시 향남읍 향남도 470 화성 종합 경기타운 내,1396.8,"3,210",37.1145605,126.9270446,4277.0,4575.0,1555.0,2776.0,1561.0,1513.0,3789.0,2569.0,1345.0,563.0,285.0,5.0,3.0,0.0,0.0,0.0,1.0,1.0
경기도,화성시,화성시 생활문화창작소,경기도 화성시 봉담읍 효행로 212,936,"4,939",37.2272321,126.9643931,5183.0,5145.0,2228.0,2485.0,1930.0,2650.0,4140.0,2876.0,1986.0,1146.0,303.0,12.0,0.0,0.0,0.0,0.0,1.0,1.0
경남,거제시,거제문화원,경상남도 거제시 능포로7(장승포동),"1,411","5,000",34.8700961,128.7230568,2026.0,2458.0,1274.0,866.0,583.0,1615.0,1756.0,2022.0,1544.0,733.0,354.0,34.0,12.0,1.0,0.0,1.0,1.0,3.0
경남,거창군,거창문화원,경상남도 거창군 거창읍 수남로 2193-40,"2,579","7,000",35.6740297,127.9094175,2121.0,2087.0,162.0,362.0,337.0,411.0,678.0,1013.0,1281.0,869.0,600.0,39.0,5.0,0.0,1.0,2.0,1.0,4.0
경남,고성군,고성문화원,경상남도 고성군 고성읍 성내로 54,"1,347","8,700",34.9754702,128.3149475,4628.0,4582.0,263.0,675.0,849.0,822.0,1671.0,3208.0,4765.0,2816.0,1618.0,158.0,2.0,0.0,1.0,1.0,2.0,4.0
경남,김해시,김해문화원,경상남도 김해시 분성로 225,"1,460","45,000",35.2316307,128.8706987,23878.0,22362.0,4745.0,6805.0,10206.0,10028.0,12047.0,18336.0,13286.0,4919.0,1881.0,104.0,24.0,1.0,4.0,1.0,1.0,7.0
경남,남해군,남해문화원,경상남도 남해군 남해읍 선소로 12,163,"5,800",34.8450832,127.8995562,2504.0,2536.0,100.0,371.0,300.0,314.0,599.0,1291.0,2059.0,1461.0,1326.0,137.0,2.0,0.0,0.0,1.0,1.0,2.0
경남,창원시,마산문화원,"경상남도 창원시 마산합포구 3, 15대로 199","1,475","22,000",35.1959619,128.5667142,16768.0,15437.0,2398.0,3854.0,6014.0,5911.0,7961.0,9399.0,11109.0,6056.0,2237.0,46.0,16.0,,,,,
경남,밀양시,밀양문화원,경상남도 밀양시 밀양대로 1857(삼문동),"1,509","32,000",35.4898243,128.7461623,7836.0,7546.0,1003.0,1998.0,2175.0,2302.0,3434.0,5852.0,7340.0,4432.0,2152.0,112.0,14.0,0.0,0.0,0.0,1.0,1.0
경남,사천시,사천문화원,경상남도 사천시 문선4길 21,"6,072","15,000",34.9355061,128.0819488,10537.0,10130.0,979.0,1786.0,2027.0,2200.0,4136.0,6680.0,8737.0,6324.0,3676.0,332.0,17.0,0.0,0.0,0.0,1.0,1.0
경남,산청군,산청문화원,경상남도 산청군 산청읍 산엔청로 56,362,"15,000",35.4141225,127.8788278,1856.0,1699.0,51.0,189.0,220.0,275.0,475.0,1000.0,1440.0,1136.0,893.0,156.0,5.0,1.0,1.0,1.0,1.0,4.0
경남,양산시,양산문화원,경상남도 양산시 북정로76,"1,368","7,000",35.3584949,129.0485073,7425.0,8120.0,1210.0,1789.0,2646.0,2694.0,3675.0,6581.0,6896.0,3255.0,1692.0,208.0,13.0,0.0,1.0,0.0,1.0,2.0
경남,의령군,의령문화원,경상남도 의령군 의령읍 의령대로 1577-35,998,"40,000",35.3170651,128.2524267,1537.0,1449.0,678.0,441.0,629.0,1001.0,1208.0,1145.0,761.0,241.0,40.0,0.0,7.0,0.0,1.0,0.0,1.0,2.0
경남,진주시,진주문화원,경상남도 진주시 진양호로 476(남성동3-18),"1,404","30,000",35.1887433,128.0772613,12919.0,12092.0,3642.0,5231.0,7602.0,6230.0,8057.0,9446.0,6729.0,3596.0,1409.0,26.0,13.0,0.0,1.0,0.0,1.0,2.0
경남,창원시,진해문화원,경상남도 창원시 진해구 편백로 39,504,"25,000",35.1495132,128.6604882,9102.0,9129.0,2152.0,4750.0,3483.0,4208.0,7918.0,6635.0,4808.0,2440.0,533.0,10.0,25.0,1.0,1.0,0.0,1.0,3.0
경남,창녕군,창녕문화원,경상남도 창녕군 창녕읍 만옥정길 10,993,"35,280",35.5412849,128.500181,4811.0,4633.0,388.0,549.0,935.0,1072.0,1501.0,3111.0,4690.0,3118.0,2376.0,208.0,9.0,1.0,1.0,0.0,1.0,3.0
경남,창원시,창원문화원,경상남도 창원시 성산구 용지로 239번길 19-22,"1,016","30,000",35.2356241,128.6837193,13964.0,14245.0,2854.0,5181.0,8410.0,7569.0,9394.0,13680.0,10946.0,3755.0,837.0,0.0,3.0,1.0,1.0,1.0,1.0,4.0
경남,통영시,통영문화원,경상남도 통영시 서문로 23,,"5,565",34.8468688,128.4218963,8288.0,7918.0,1293.0,2151.0,1439.0,2189.0,4056.0,5138.0,6079.0,3808.0,1681.0,98.0,8.0,0.0,1.0,0.0,1.0,2.0
경남,하동군,하동문화원,경상남도 하동군 하동읍 섬진강대로 2222,144,"3,800",35.0722488,127.741107,1668.0,1590.0,66.0,167.0,180.0,228.0,491.0,1179.0,1331.0,1105.0,746.0,72.0,3.0,0.0,0.0,1.0,1.0,2.0
경남,함안군,함안문화원,경상남도 함안군 가야읍 선왕길 1-1,"1,565","21,000",35.2838983,128.4014548,3433.0,3318.0,282.0,344.0,475.0,633.0,985.0,1944.0,2961.0,1653.0,1362.0,181.0,2.0,1.0,0.0,2.0,1.0,4.0
경남,함양군,함양문화원,경상남도 함양군 함양읍 원교1길 6,"1,065","5,000",35.5281443,127.7287626,4953.0,4733.0,272.0,687.0,664.0,829.0,1624.0,4034.0,5361.0,3654.0,2906.0,255.0,7.0,1.0,1.0,1.0,1.0,4.0
경남,합천군,합천문화원,경상남도 합천군 합천읍 핫들2로 58,996,"5,000",35.5665508,128.1682741,2581.0,2433.0,190.0,704.0,1263.0,539.0,906.0,1656.0,2538.0,1775.0,1449.0,254.0,1.0,1.0,0.0,1.0,1.0,3.0
경북,경산시,경산문화원,경상북도 경산시 서상길 75,985,"15,849",35.8184156,128.7341112,16914.0,15002.0,3272.0,4958.0,7163.0,6851.0,9288.0,11468.0,11139.0,5615.0,2728.0,128.0,9.0,1.0,0.0,0.0,2.0,3.0
경북,경주시,경주문화원,경상북도 경주시 중앙로 67-12,"1,084","70,000",35.846481,129.2108471,8997.0,8374.0,1219.0,2281.0,3469.0,2859.0,4013.0,6610.0,7054.0,4113.0,2339.0,209.0,8.0,1.0,0.0,1.0,1.0,3.0
경북,고령군,고령문화원,경상북도 고령군 대가야읍 왕릉로 30,733,"20,000",35.7235371,128.2629812,1278.0,1255.0,108.0,690.0,173.0,240.0,360.0,1053.0,1315.0,1036.0,608.0,38.0,5.0,1.0,1.0,1.0,1.0,4.0
경북,구미시,구미문화원,경상북도 구미시 선산읍 선산중앙로 83-1,"1,594","35,000",36.2429641,128.3001856,4109.0,3780.0,1056.0,1875.0,1404.0,1600.0,2652.0,2697.0,2718.0,1764.0,849.0,56.0,6.0,1.0,0.0,0.0,2.0,3.0
경북,군위군,군위문화원,경상북도 군위군 군위읍 동서2길 35,132,"9,000",36.2331227,128.5679219,1586.0,1703.0,182.0,382.0,449.0,466.0,808.0,1156.0,1440.0,918.0,577.0,42.0,11.0,1.0,1.0,1.0,2.0,5.0
경북,김천시,김천문화원,경상북도 김천시 김천로 200 김천시문화회관 1층,347,"4,799",36.1187352,128.1221166,6181.0,5818.0,1163.0,3265.0,2298.0,2112.0,3433.0,4904.0,4996.0,2732.0,1475.0,194.0,8.0,0.0,1.0,1.0,3.0,5.0
경북,문경시,문경문화원,경상북도 문경시 점촌1길 17,"4,514",555,36.5967272,128.1979688,8336.0,7970.0,967.0,1301.0,1740.0,1824.0,2887.0,5669.0,8609.0,5636.0,4157.0,257.0,11.0,1.0,0.0,1.0,1.0,3.0
경북,봉화군,봉화문화원,경상북도 봉화군 봉화읍 내성로 4길 6-13,879,"33,107",36.8882752,128.7421568,2222.0,2079.0,174.0,147.0,285.0,271.0,622.0,1287.0,2154.0,1767.0,1395.0,236.0,4.0,1.0,0.0,0.0,2.0,3.0
경북,상주시,상주문화원,경상북도 상주시 상산로 235,186,"15,000",36.4118423,128.1592258,8407.0,7963.0,1336.0,1918.0,1593.0,2292.0,3480.0,5207.0,6695.0,4527.0,3103.0,304.0,7.0,1.0,0.0,1.0,1.0,3.0
경북,성주군,성주문화원,경상북도 성주군 성주읍 성주로 3204,845,"7,346",35.918598,128.2841971,4048.0,3932.0,699.0,1201.0,1231.0,1252.0,2289.0,3420.0,3796.0,2218.0,1148.0,91.0,15.0,2.0,0.0,0.0,1.0,3.0
경북,안동시,안동문화원,경상북도 안동시 서동문로 203(동부동),421,"6,000",36.5644589,128.7344762,4162.0,3731.0,170.0,420.0,684.0,651.0,1058.0,2160.0,3483.0,2275.0,2133.0,328.0,13.0,1.0,1.0,0.0,1.0,3.0
경북,영덕군,영덕문화원,경상북도 영덕군 영덕읍 강변길 324,509,"13,752",36.4201786,129.3619555,1110.0,1028.0,166.0,231.0,238.0,303.0,483.0,734.0,1027.0,548.0,401.0,58.0,4.0,1.0,0.0,0.0,1.0,2.0
경북,영양군,영양문화원,경상북도 영양군 영양읍 군민회관길 7,740,"5,000",36.6634728,129.1175711,1743.0,1722.0,144.0,232.0,200.0,229.0,557.0,1254.0,1808.0,1348.0,864.0,90.0,8.0,1.0,0.0,0.0,1.0,2.0
경북,영주시,영주문화원,경상북도 영주시 가흥로 255,458,"48,825",36.8198447,128.6132295,10494.0,10402.0,1718.0,3083.0,3850.0,2999.0,5306.0,6376.0,6646.0,4043.0,2104.0,95.0,0.0,2.0,0.0,1.0,1.0,4.0
경북,영천시,영천문화원,경상북도 영천시 문화원길 6(창구동),"1,117","5,000",35.9673902,128.9333602,7687.0,7380.0,2468.0,3143.0,3595.0,3978.0,5661.0,6741.0,5608.0,2604.0,1416.0,144.0,12.0,1.0,0.0,1.0,2.0,4.0
경북,예천군,예천문화원,경상북도 예천군 예천읍 충효로 209-15,127,"3,227",36.6512954,128.4459188,2827.0,2812.0,199.0,533.0,1273.0,870.0,1517.0,2276.0,2489.0,1354.0,943.0,89.0,7.0,1.0,0.0,1.0,1.0,3.0
경북,울릉군,울릉문화원,경상북도 울릉군 울릉읍 약수터길 48,586,"2,500",37.4868812,130.9003759,1052.0,1204.0,148.0,218.0,272.0,403.0,473.0,624.0,880.0,505.0,247.0,18.0,7.0,0.0,1.0,0.0,1.0,2.0
경북,울진군,울진문화원,경상북도 울진군 울진읍 현내항길 92-9,959,"50,610",36.9908387,129.4084682,2077.0,2092.0,290.0,355.0,310.0,536.0,675.0,1470.0,2588.0,1418.0,850.0,92.0,5.0,0.0,0.0,0.0,1.0,1.0
경북,의성군,의성문화원,경상북도 의성군 의성읍 안평의성로 1122-36(의성종합복지관 내),66,"14,260",36.3584002,128.6811367,0.0,0.0,0.0,0.0,0.0,0.0,0.0,0.0,0.0,0.0,0.0,0.0,4.0,0.0,0.0,0.0,1.0,1.0
경북,청도군,청도문화원,경상북도 청도군 화양읍 청화로 47,328,"3,000",35.6489105,128.7326953,2889.0,2569.0,226.0,522.0,264.0,410.0,786.0,1534.0,2528.0,2140.0,1745.0,160.0,3.0,2.0,0.0,0.0,1.0,3.0
경북,청송군,청송문화원,"경상북도 청송군 청송읍 복지타운길 77, 청송종합문화복지타운",354,"3,000",36.4298575,129.0590862,975.0,911.0,122.0,126.0,169.0,200.0,304.0,682.0,963.0,793.0,738.0,37.0,4.0,1.0,0.0,1.0,1.0,3.0
경북,칠곡군,칠곡문화원,경상북도 칠곡군 왜관읍 2번도로길 23,941,"25,358",35.9897224,128.3973882,7073.0,6858.0,1437.0,1958.0,1842.0,2416.0,4054.0,5282.0,6619.0,3665.0,2294.0,186.0,10.0,1.0,0.0,0.0,1.0,2.0
경북,포항시,포항문화원,경상북도 포항시 북구 새천년대로 909,976,"13,820",36.0533681,129.3604617,11482.0,10893.0,2903.0,3535.0,3681.0,5219.0,6214.0,7940.0,8308.0,3314.0,1055.0,35.0,15.0,0.0,0.0,0.0,1.0,1.0
경상남도,고성군,고성박물관,경상남도 고성군 고성읍 송학로 113번길 50,1248,"18,852",34.9794626,128.3207101,4975.0,4903.0,273.0,965.0,756.0,835.0,1563.0,3122.0,5312.0,3301.0,1970.0,164.0,3.0,1.0,1.0,1.0,2.0,5.0
경상남도,함안군,군북면복지회관,경상남도 함안군 군북면 함마대로 768-3,1604,"9,500",35.2640591,128.3431535,716.0,730.0,167.0,296.0,257.0,281.0,333.0,478.0,455.0,148.0,42.0,0.0,10.0,0.0,0.0,0.0,1.0,1.0
경상남도,밀양시,기산 생활문화센터,경상남도 밀양시 상남면 상남로 1129,143.32,250,35.4566119,128.7512794,1211.0,1178.0,66.0,96.0,154.0,260.0,251.0,790.0,1636.0,824.0,568.0,17.0,5.0,0.0,0.0,0.0,1.0,1.0
경상남도,진주시,남부(문산)생활문화센터,경상남도 진주시 문산읍 월아산로1048번길 26-11,658,"9,000",35.1636181,128.1675407,2515.0,2524.0,215.0,358.0,336.0,442.0,920.0,1848.0,2693.0,1798.0,1189.0,185.0,4.0,1.0,0.0,0.0,1.0,2.0
경상남도,남해군,남해 생활문화센터,경상남도 남해군 남해읍 망운로 1-22,284.6,"2,443",34.8374137,127.8934634,4456.0,4325.0,244.0,654.0,566.0,641.0,1272.0,2527.0,4201.0,2755.0,2171.0,260.0,8.0,2.0,1.0,0.0,1.0,4.0
경상남도,김해시,다어울림생활문화센터,경상남도 김해시 가락로94번길 7,598.58,"5,760",35.2351657,128.8820797,12518.0,12634.0,2609.0,2757.0,4400.0,5292.0,6756.0,10452.0,11207.0,5846.0,2816.0,220.0,21.0,1.0,4.0,0.0,2.0,7.0
경상남도,산청군,덕산문화의집 생활문화센터,경상남도 산청군 시천면 남명로234번길 31,225,"15,351",35.2760283,127.8448543,0.0,0.0,0.0,0.0,0.0,0.0,0.0,0.0,0.0,0.0,0.0,0.0,0.0,0.0,2.0,0.0,2.0,4.0
경상남도,밀양시,백산 생활문화센터,경상남도 밀양시 하남읍 백산로 292-10,469.63,"2,640",35.3705955,128.7457865,212.0,189.0,236.0,49.0,86.0,469.0,181.0,117.0,19.0,0.0,0.0,0.0,4.0,0.0,0.0,0.0,1.0,1.0
경상남도,창원시,성호생활문화센터,경상남도 마산합포구 문신길 205길 (추산동),652,"1,000",35.2073292,128.5717429,18463.0,17715.0,2858.0,4777.0,6519.0,6791.0,9662.0,11633.0,13090.0,7868.0,3287.0,168.0,6.0,0.0,3.0,0.0,1.0,4.0
경상남도,밀양시,신안 생활문화센터,경상남도 밀양시 상동면 안인2길 36-57,135.09,"4,700",35.5261417,128.7664843,202.0,197.0,14.0,44.0,78.0,64.0,82.0,182.0,190.0,70.0,70.0,5.0,3.0,0.0,0.0,0.0,1.0,1.0
경상남도,하동군,악양 생활문화센터,경상남도 하동군 축지리 749,1072,"2,000",35.1460535,127.7048572,215.0,214.0,29.0,32.0,27.0,25.0,58.0,144.0,129.0,117.0,129.0,49.0,8.0,0.0,0.0,0.0,1.0,1.0
경상남도,거창군,하성단노을 생활문화센터,경상남도 거창군 웅양면 웅양로 2309,514,150,35.8726562,127.9202957,230.0,214.0,61.0,148.0,72.0,84.0,159.0,176.0,271.0,149.0,46.0,0.0,2.0,0.0,0.0,0.0,1.0,1.0
경상북도,경산시,경산생활문화센터,경상북도 경산시 장산로23길 23,858.8,"6,341",35.8183835,128.7354916,16523.0,14664.0,3262.0,4981.0,7030.0,6764.0,9242.0,11312.0,11055.0,5584.0,2624.0,128.0,4.0,1.0,0.0,0.0,2.0,3.0
경상북도,포항시,구룡포생활문화센터,경상북도 포항시 남구 구룡포읍 용주로7번길 30,557.6,"20,007",35.991798,129.5610708,879.0,792.0,51.0,60.0,39.0,107.0,235.0,348.0,412.0,387.0,241.0,5.0,7.0,0.0,0.0,0.0,1.0,1.0
경상북도,군위군,군위생활문화센터,경상북도 군위군 군위읍 동서2길 35,704.56,"9,542",36.2331227,128.5679219,1586.0,1703.0,182.0,382.0,449.0,466.0,808.0,1156.0,1440.0,918.0,577.0,42.0,10.0,1.0,1.0,1.0,2.0,5.0
경상북도,김천시,김천시 노인건강문화센터,경상북도 김천시 중앙공원1길 16,1110,"100,000",36.1194997,128.1193941,6678.0,6284.0,1164.0,3302.0,2472.0,2250.0,3499.0,5332.0,5459.0,2949.0,1609.0,205.0,8.0,0.0,1.0,1.0,3.0,5.0
경상북도,청송군,남관생활문화센터,경상북도 청송군 부남면 부남로 14,1602.4,"6,000",36.2982291,129.1271673,636.0,671.0,23.0,27.0,19.0,48.0,47.0,152.0,126.0,112.0,170.0,51.0,0.0,0.0,0.0,0.0,1.0,1.0
경상북도,상주시,남장생활문화센터,경상북도 상주시 남장1길 25,452,500,36.4127759,128.1173456,0.0,0.0,0.0,0.0,0.0,0.0,0.0,0.0,0.0,0.0,0.0,0.0,1.0,0.0,0.0,0.0,1.0,1.0
경상북도,경산시,동부동 생활문화복합센터,경상북도 경산시 원효로34길 12,869.68,"3,880",35.819336,128.7542298,12060.0,12131.0,1894.0,5210.0,7441.0,3857.0,5637.0,7121.0,7053.0,3902.0,1862.0,78.0,11.0,0.0,0.0,1.0,1.0,2.0
경상북도,봉화군,봉화 청소년센터,경상북도 봉화읍 내성로1길 17-20,1137,"17,000",36.8878299,128.7393195,2513.0,2299.0,187.0,159.0,400.0,338.0,685.0,1389.0,2310.0,1939.0,1516.0,236.0,8.0,1.0,0.0,0.0,2.0,3.0
경상북도,성주군,성주생활문화센터,경상북도 성주군 금수면 성주로 1903,634.3,"15,000",35.9185892,128.1775318,259.0,254.0,41.0,57.0,65.0,70.0,101.0,150.0,147.0,161.0,74.0,25.0,5.0,0.0,0.0,0.0,1.0,1.0
경상북도,고령군,쌍림 행복이음터,경상북도 쌍림면 귀원리 272-3,158,"2,400",35.678044,128.2427955,0.0,0.0,0.0,0.0,0.0,0.0,0.0,0.0,0.0,0.0,0.0,0.0,7.0,0.0,0.0,0.0,1.0,1.0
경상북도,영덕군,영덕생활문화센터,경상북도 영덕군 영덕읍 덕곡천길 52,72.84,"8,000",36.4106208,129.3716998,3417.0,3135.0,553.0,711.0,607.0,959.0,1456.0,2099.0,2545.0,2120.0,1391.0,106.0,15.0,1.0,0.0,0.0,1.0,2.0
경상북도,영천시,영천문화원생활문화센터,경상북도 영천시 문화원길6(창구동),636.18,"4,400",35.9673902,128.9333602,7687.0,7380.0,2468.0,3143.0,3595.0,3978.0,5661.0,6741.0,5608.0,2604.0,1416.0,144.0,10.0,1.0,0.0,1.0,2.0,4.0
경상북도,영덕군,예주생활문화센터,경상북도 영덕군 영해면 318 만세길 36,317.8,"12,480",36.5298725,129.4052836,875.0,704.0,292.0,189.0,214.0,306.0,632.0,547.0,605.0,480.0,327.0,6.0,4.0,0.0,0.0,1.0,1.0,2.0
경상북도,경주시,황리단길 생활문화센터,경상북도 경주시 포석로 1058-26,631.3,,35.8353578,129.2105339,2978.0,2798.0,388.0,1004.0,1599.0,970.0,1456.0,2623.0,2990.0,1772.0,1140.0,77.0,9.0,1.0,0.0,1.0,1.0,3.0
고성군,,고성문화의집,강원도 고성군 간성읍 간성로 71-7,1457.6,12541,38.37873075,128.4669086,1364.0,1554.0,368.0,210.0,402.0,561.0,400.0,749.0,1333.0,703.0,353.0,45.0,9.0,1.0,0.0,1.0,2.0,4.0
고양시,,고양문화의집,경기도 고양시 일산서구 산현로 99,1819.4,54269,37.69232087,126.7722743,39704.0,36890.0,10135.0,14055.0,20760.0,20583.0,26371.0,33324.0,22123.0,9008.0,5625.0,361.0,23.0,1.0,0.0,0.0,1.0,2.0
공주시,,유구문화의집,충청남도 공주시 유구읍  유구외곽로 322,932.96,,36.543366,126.9479904,470.0,567.0,303.0,354.0,84.0,202.0,652.0,322.0,16.0,0.0,0.0,0.0,5.0,1.0,0.0,0.0,1.0,2.0
광명시,,광명문화의집,경기도 광명시 너부대로32번길 15-3,543.56,2034,37.47668437,126.8497393,35285.0,33480.0,6456.0,10413.0,13977.0,15397.0,19788.0,22393.0,22043.0,11336.0,4050.0,123.0,15.0,0.0,0.0,1.0,1.0,2.0
광명시,,하안문화의집,경기도 광명시 철망산로42 2층,312.3,1991,37.46746752,126.8732024,41804.0,39423.0,11895.0,16933.0,17072.0,21776.0,29184.0,27705.0,21026.0,8788.0,3165.0,122.0,8.0,1.0,0.0,1.0,2.0,4.0
광주,광산구,광산문화원,광주광역시 광산구 상무대로 265,896,"5,000",35.1424988,126.7950943,8550.0,9028.0,3195.0,3830.0,4505.0,5108.0,7113.0,6366.0,4308.0,2476.0,977.0,55.0,10.0,1.0,0.0,1.0,2.0,4.0
광주,남구,남구문화원,광주광역시 남구 봉선로 208 남구종합문화예술회관 6층,194,"20,000",35.1220621,126.9174528,20111.0,17561.0,5717.0,9883.0,7225.0,7470.0,13199.0,11940.0,9789.0,5178.0,2213.0,95.0,5.0,1.0,0.0,1.0,2.0,4.0
광주,동구,동구문화원,광주광역시 동구 예술길 18-1 2층 (궁동),312,"3,000",35.1500774,126.9181517,16137.0,16393.0,2217.0,3124.0,9752.0,6588.0,7186.0,8989.0,9619.0,6513.0,3343.0,302.0,24.0,3.0,5.0,2.0,2.0,12.0
광주,북구,북구문화원,광주광역시 북구 향토문화로 65 북구평생학습관 4층,,"15,000",35.1728612,126.9136477,20582.0,19678.0,3615.0,4610.0,11409.0,9526.0,9537.0,11289.0,11061.0,7106.0,2960.0,136.0,12.0,1.0,2.0,1.0,1.0,5.0
광주,서구,서구문화원,광주광역시 서구 풍금로 182(금호동),144,"5,000",35.1320456,126.8597956,22797.0,21147.0,6099.0,10885.0,11385.0,9023.0,15711.0,18721.0,11767.0,5312.0,1585.0,44.0,10.0,1.0,0.0,2.0,2.0,5.0
광주광역시,광산구,광산생활문화센터,광주광역시 광산구 상무대로 265,,,35.1424988,126.7950943,8550.0,9028.0,3195.0,3830.0,4505.0,5108.0,7113.0,6366.0,4308.0,2476.0,977.0,55.0,9.0,1.0,0.0,1.0,2.0,4.0
광주광역시,서구,광주 서구 생활문화센터,광주광역시 서구 마재로 3,414.6,"9,804",35.1313612,126.8602571,23015.0,21459.0,6134.0,11002.0,11474.0,9142.0,15798.0,18854.0,11910.0,5380.0,1600.0,44.0,8.0,1.0,0.0,2.0,2.0,5.0
광주광역시,남구,남구 생활문화센터,광주광역시 남구 봉선로 208 (봉선동),1465.29,"6,404",35.122053,126.9175307,20111.0,17561.0,5717.0,9883.0,7225.0,7470.0,13199.0,11940.0,9789.0,5178.0,2213.0,95.0,4.0,1.0,0.0,1.0,2.0,4.0
광주광역시,서구,농성문화의집 생활문화센터,광주광역시 서구 화정로 314 농성2동주민센터 2층,446.16,"15,015",35.1503853,126.8902548,21763.0,21831.0,5142.0,5721.0,9652.0,10968.0,11990.0,12870.0,12961.0,9501.0,4261.0,285.0,12.0,1.0,0.0,0.0,2.0,3.0
광주광역시,서구,서창 생활문화센터,광주광역시 서구 눌재로 412(세하동),594,"3,616",35.1144762,126.8302395,262.0,244.0,59.0,53.0,178.0,110.0,50.0,206.0,109.0,34.0,0.0,0.0,4.0,0.0,0.0,0.0,1.0,1.0
광주광역시,북구,신용생활문화센터,광주광역시 북구 첨단연신로107번길22 3층,614,445,35.2076447,126.8617291,16279.0,15725.0,9018.0,8706.0,7132.0,11038.0,14783.0,10540.0,5902.0,2076.0,595.0,34.0,5.0,1.0,0.0,0.0,1.0,2.0
광주광역시,동구,전일생활문화센터,"광주광역시 동구 금남로 245, 4층",1095,"20,000",35.1483352,126.9188169,15085.0,15758.0,1098.0,2135.0,7866.0,4477.0,4649.0,5818.0,6430.0,4261.0,2360.0,197.0,23.0,2.0,6.0,2.0,2.0,12.0
광주광역시,서구,치평 생활문화센터,광주광역시 서구 상무공원로 62(치평동),575.54,"8,472",35.1499554,126.8432955,15030.0,13689.0,3570.0,4387.0,8961.0,8502.0,8869.0,10845.0,7123.0,3048.0,1676.0,158.0,10.0,0.0,0.0,1.0,1.0,2.0
구미시,,선산문화의집,경상북도 구미시 선산읍 선산중앙로83-1,648,120,36.24298844,128.3001756,4109.0,3780.0,1056.0,1875.0,1404.0,1600.0,2652.0,2697.0,2718.0,1764.0,849.0,56.0,6.0,1.0,0.0,0.0,2.0,3.0
금산군,,금산문화의집,충청남도 금산군 금산읍 방아동4길 17,876,75000,36.0979069,127.4909694,3908.0,3656.0,908.0,1995.0,1135.0,1246.0,2568.0,2669.0,1658.0,1174.0,770.0,108.0,12.0,1.0,0.0,0.0,2.0,3.0
금산군,,추부문화의집,충청남도 금산군 추부면 하마전로 31,2868,8786,36.19099526,127.4699593,812.0,844.0,95.0,840.0,173.0,100.0,331.0,688.0,928.0,531.0,321.0,29.0,15.0,1.0,0.0,0.0,1.0,2.0
김천시,,김천문화의집,경상북도 김천시 중앙공원1길 16(남산동),702,9962,36.11929412,128.1195002,6161.0,5806.0,1129.0,3230.0,2380.0,2198.0,3401.0,5152.0,5209.0,2809.0,1535.0,205.0,9.0,0.0,1.0,1.0,3.0,5.0
김해시,,김해문화의집,경상남도 김해시 김해대로 2371번길 24-16,528.92,700,35.22870092,128.8865652,12104.0,12152.0,1691.0,2591.0,4846.0,5013.0,6225.0,10351.0,11421.0,5618.0,2523.0,208.0,14.0,0.0,2.0,0.0,2.0,4.0
김해시,,내외문화의집,경상남도 김해시 금관대로 1255(내동 201-4),343,,35.23752628,128.8578482,20040.0,20247.0,4140.0,6624.0,11442.0,10472.0,12146.0,18871.0,12727.0,4693.0,1813.0,111.0,12.0,0.0,0.0,1.0,1.0,2.0
김해시,,안동문화의집,경상남도 김해시 삼안로 72번지(안동 747-8),541,3800,35.2356249,128.9179087,7689.0,7746.0,935.0,2394.0,4442.0,2538.0,3828.0,6429.0,4815.0,1944.0,658.0,0.0,14.0,0.0,1.0,0.0,1.0,2.0
김해시,,진영문화의집,경상남도 김해시 진영읍 여래로 20번길 11,783.1,500,35.30450337,128.7327566,13178.0,14008.0,4998.0,6813.0,5061.0,7031.0,12351.0,10036.0,8815.0,4457.0,1964.0,213.0,20.0,2.0,2.0,1.0,1.0,6.0
나주시,,전남장애인문화의집,전라남도 나주시 내영산 1길 67,541.73,318,35.00811739,126.6947939,1154.0,1128.0,13.0,91.0,217.0,185.0,334.0,703.0,1194.0,839.0,720.0,40.0,3.0,0.0,0.0,0.0,1.0,1.0
남양주시,,남양주시문화의집,경기도 남양주시 진접읍 금강로 1509-26(3층),363.87,10000,37.72632755,127.1898639,11437.0,11306.0,3253.0,4822.0,4370.0,4965.0,8264.0,7578.0,5632.0,3009.0,1065.0,13.0,15.0,1.0,0.0,0.0,1.0,2.0
노원구,,노원문화의집,서울특별시 노원구 동일로 지하 1530 (지하1층 문화의집),347,2565,37.66506465,127.0580185,44419.0,39631.0,11013.0,13758.0,18684.0,24890.0,25674.0,27513.0,22825.0,10701.0,4075.0,180.0,34.0,1.0,0.0,0.0,1.0,2.0
대구,남구,남구문화원,"대구광역시 남구 앞산순환로 478, 대덕문화전당 3층",428,"3,000",35.8313155,128.5770017,8926.0,8354.0,1302.0,2300.0,6540.0,4529.0,4964.0,5681.0,5607.0,3187.0,1299.0,79.0,12.0,1.0,0.0,1.0,2.0,4.0
대구,달서구,달서구문화원,대구광역시 달서구 문화회관길 160(장기동),164,"8,531",35.8432116,128.5227107,12039.0,11632.0,3522.0,4629.0,6892.0,6604.0,8552.0,11342.0,8345.0,3530.0,1285.0,82.0,4.0,0.0,0.0,1.0,2.0,3.0
대구,달성군,달성문화원,대구광역시 달성군 현풍읍 현풍동로 92,"2,172","17,000",35.6981182,128.4504204,11133.0,11812.0,4519.0,4917.0,6535.0,7902.0,7635.0,5909.0,4830.0,1961.0,638.0,12.0,8.0,1.0,0.0,1.0,1.0,3.0
대구,동구,동구팔공문화원,대구광역시 동구 팔공로 197길 25,662,"1,000",35.9560554,128.6888215,226.0,224.0,11.0,11.0,48.0,37.0,73.0,132.0,321.0,292.0,172.0,18.0,9.0,0.0,0.0,0.0,1.0,1.0
대구,북구,북구문화원,"대구광역시 북구 구암로 47, 어울아트센터 내 별관 2층(관음동)",133,"2,000",35.9347008,128.5466137,22941.0,21604.0,3391.0,7613.0,13467.0,8972.0,11108.0,17052.0,14329.0,6092.0,3026.0,223.0,14.0,2.0,1.0,0.0,2.0,5.0
대구,서구,서구문화원,대구광역시 서구 당산로 403,246,"8,000",35.8724689,128.5456327,9193.0,9414.0,1758.0,3080.0,4329.0,3684.0,5156.0,6907.0,7054.0,3429.0,1087.0,147.0,9.0,2.0,0.0,1.0,1.0,4.0
대구,수성구,수성문화원,대구광역시 수성구 들안로 16길 78,606,"10,000",35.8393217,128.6183129,19853.0,18506.0,3982.0,5549.0,9492.0,10007.0,11531.0,13214.0,11561.0,6544.0,2806.0,206.0,14.0,1.0,0.0,0.0,2.0,3.0
대구,중구,중구문화원,대구광역시 중구 봉산문화길 77 봉산문화회관 4층,50,"6,000",35.863327,128.5965948,18760.0,16664.0,3052.0,3431.0,10926.0,9033.0,7746.0,8980.0,8078.0,5271.0,2417.0,67.0,32.0,2.0,2.0,2.0,1.0,7.0
대구광역시,달서구,달서생활문화센터 송현점,대구광역시 달서구 앞산순환로 248,191.21,906,35.8240947,128.5569894,14362.0,13723.0,1890.0,2938.0,6518.0,5744.0,6629.0,9660.0,9472.0,5049.0,2158.0,117.0,5.0,1.0,0.0,0.0,1.0,2.0
대구광역시,달서구,달서생활문화센터 장기점,대구광역시 달서구 문화회관길 160,349.4,"1,017",35.8432116,128.5227107,12039.0,11632.0,3522.0,4629.0,6892.0,6604.0,8552.0,11342.0,8345.0,3530.0,1285.0,82.0,4.0,0.0,0.0,1.0,2.0,3.0
대구광역시,동구,대구 동구 생활문화센터,대구광역시 동구 효동로2길24,642.7,500,35.8796038,128.6518139,12556.0,12136.0,2413.0,3581.0,4781.0,5157.0,6910.0,8175.0,8539.0,5012.0,2292.0,111.0,8.0,0.0,0.0,1.0,1.0,2.0
대구광역시,남구,대덕문화전당 대덕생활문화센터,대구광역시 남구 앞산순환로 478,909.9,,35.8314227,128.5770106,8926.0,8354.0,1302.0,2300.0,6540.0,4529.0,4964.0,5681.0,5607.0,3187.0,1299.0,79.0,10.0,1.0,0.0,1.0,3.0,5.0
대구광역시,남구,대명생활문화센터,대구광역시 남구 장전2길 5(대명동),257.2,"1,000",35.8403273,128.5769315,23573.0,21739.0,3087.0,5367.0,15059.0,11475.0,11988.0,15359.0,15112.0,9315.0,4161.0,162.0,16.0,1.0,0.0,1.0,2.0,4.0
대구광역시,서구,비산5동 생활문화센터,대구광역시 서구 달서천로 65길 17 (비산동),170.8,336,35.8863675,128.5695506,20271.0,20521.0,2029.0,4076.0,8363.0,8322.0,10070.0,16258.0,17411.0,10543.0,3988.0,81.0,8.0,2.0,0.0,0.0,1.0,3.0
대구광역시,달성군,서재행복생활문화센터,대구광역시 달성군 다사읍 서재로 18길 3-1,150.5,400,35.8712236,128.4978288,12456.0,12193.0,6613.0,5015.0,4390.0,8431.0,9667.0,7371.0,4788.0,1545.0,329.0,0.0,10.0,0.0,0.0,0.0,1.0,1.0
대구광역시,수성구,정호승문학관(생활문화센터),대구광역시 수성구 들안로 403-1,454.78,"7,000",35.8661948,128.6178004,31727.0,28856.0,8012.0,11360.0,13588.0,14460.0,19693.0,21756.0,16455.0,9759.0,4574.0,176.0,12.0,2.0,1.0,0.0,1.0,4.0
대구광역시,달성군,하빈 행복생활문화센터,대구광역시 달성군 하빈면 하빈로 172길 1,316.8,"2,171",35.9339387,128.4675901,0.0,0.0,0.0,0.0,0.0,0.0,0.0,0.0,0.0,0.0,0.0,0.0,2.0,0.0,0.0,0.0,1.0,1.0
대구광역시,수성구,함장생활문화센터,대구광역시 수성구 상화로 65,385.9,"7,000",35.8351286,128.6142967,19050.0,17735.0,3582.0,4796.0,8836.0,8963.0,10580.0,12580.0,11274.0,6322.0,2760.0,230.0,6.0,0.0,0.0,0.0,2.0,2.0
대구광역시,북구,행복북구 생활문화센터,대구광역시 북구 구암로 47,666,50,35.9352369,128.5462103,20608.0,19480.0,3356.0,7610.0,13381.0,8925.0,11028.0,17060.0,14402.0,6059.0,3008.0,223.0,14.0,2.0,1.0,0.0,2.0,5.0
대덕구,,송촌문화의집,대전광역시 대덕구 동춘당로94번길 11,80.08,1350,36.36571399,127.4398645,21881.0,21059.0,4887.0,9337.0,10524.0,8454.0,13570.0,17549.0,12253.0,4563.0,1929.0,82.0,10.0,1.0,0.0,0.0,1.0,2.0
대덕구,,신탄진문화의집,대전광역시 대덕구 신탄진로796번길 62,40.2,,36.44897109,127.4328718,9584.0,10197.0,3555.0,3114.0,4756.0,6621.0,6374.0,7544.0,5603.0,2456.0,996.0,15.0,15.0,1.0,0.0,0.0,1.0,2.0
대덕구,,회덕문화의집,대전광역시 대덕구 대전로 1348(읍내동) 평생학습센터,1048.362,95,36.37411899,127.4206555,11358.0,10397.0,2089.0,2926.0,5447.0,5063.0,5714.0,8165.0,7498.0,3655.0,1481.0,152.0,8.0,1.0,0.0,1.0,2.0,4.0
대전,대덕구,대덕문화원,대전광역시 대덕구 대전로 1348(읍내동),"1,099","34,600",36.3741118,127.4206213,11358.0,10397.0,2089.0,2926.0,5447.0,5063.0,5714.0,8165.0,7498.0,3655.0,1481.0,152.0,8.0,1.0,0.0,1.0,2.0,4.0
대전,동구,동구문화원,대전광역시 동구 동구청로 60 대전동구생활문화센터,"2,952","100,000",36.3041296,127.4593605,12004.0,11686.0,3389.0,5885.0,4091.0,4130.0,8270.0,6956.0,6353.0,3798.0,1726.0,96.0,10.0,1.0,0.0,1.0,2.0,4.0
대전,서구,서구문화원,대전광역시 서구 계룡로 533번길 38(탄방동),"3,566","100,000",36.3443488,127.390364,29350.0,26980.0,5967.0,9020.0,20402.0,18116.0,17917.0,17010.0,12773.0,5168.0,2305.0,267.0,7.0,,,,,
대전,유성구,유성문화원,대전광역시 유성구 문화원로 46(궁동),"2,436","20,000",36.3598575,127.3408467,16554.0,19032.0,3299.0,6786.0,21633.0,11605.0,9433.0,10751.0,9053.0,3743.0,1400.0,108.0,11.0,0.0,0.0,0.0,1.0,1.0
대전,중구,중구문화원,대전광역시 중구 대흥로 109,"1,699","20,000",36.3233553,127.4242142,18617.0,17275.0,2391.0,4071.0,10655.0,8415.0,8975.0,10142.0,10131.0,6300.0,3004.0,288.0,14.0,0.0,0.0,3.0,1.0,4.0
대전광역시,동구,동구 생활문화센터,대전광역시 동구 동구청로 60(가오동),2951.38,"65,472",36.3041296,127.4593605,12004.0,11686.0,3389.0,5885.0,4091.0,4130.0,8270.0,6956.0,6353.0,3798.0,1726.0,96.0,9.0,1.0,0.0,1.0,2.0,4.0
대전광역시,서구,둔산1동 생활문화센터,대전광역시 서구 둔산중로 65 둔산1동생활문화센터,562.2,258,36.3525322,127.3862427,23591.0,21641.0,6840.0,10387.0,12297.0,13597.0,17634.0,15788.0,9956.0,3769.0,1775.0,194.0,25.0,0.0,0.0,1.0,1.0,2.0
무안군,,무안문화의집,전라남도 무안군 무안읍 창포로 8,280.6,3492,34.99033496,126.4720225,4097.0,4100.0,354.0,710.0,1014.0,864.0,1264.0,2541.0,3811.0,2936.0,2364.0,190.0,9.0,1.0,0.0,1.0,2.0,4.0
부산,강서구,강서문화원,부산광역시 강서구 낙동북로 477,"1,146","7,632",35.2123248,128.980679,925.0,1010.0,271.0,143.0,422.0,569.0,456.0,658.0,559.0,322.0,95.0,0.0,29.0,0.0,0.0,0.0,1.0,1.0
부산,금정구,금정문화원,부산광역시 금정구 중앙대로 1826번길 10-4,709,"11,500",35.2472979,129.0931766,24407.0,22131.0,4904.0,7815.0,10585.0,9007.0,12679.0,15151.0,14202.0,7117.0,2668.0,127.0,32.0,1.0,1.0,0.0,1.0,3.0
부산,기장군,기장문화원,부산광역시 기장군 기장읍 청강로 74번길 35-6,"1,644","7,500",35.2352317,129.221678,6282.0,6140.0,1337.0,1610.0,2544.0,3120.0,3289.0,4091.0,4311.0,2531.0,1269.0,129.0,7.0,0.0,0.0,0.0,1.0,1.0
부산,북구,낙동문화원,부산광역시 북구 금곡대로 46번길 50 북구문화빙상센터 2층,987,"4,000",35.214264,129.004538,13402.0,12750.0,2390.0,2553.0,6580.0,7131.0,6704.0,9333.0,10703.0,5620.0,2359.0,185.0,21.0,0.0,0.0,2.0,1.0,3.0
부산,남구,남구문화원,부산광역시 남구 신선로 566-2(용호동 현장민원실 3층),424,"8,000",35.1304972,129.1120857,24590.0,22682.0,6027.0,9469.0,11198.0,8308.0,14792.0,16492.0,14486.0,7957.0,2632.0,41.0,27.0,1.0,0.0,0.0,1.0,2.0
부산,동구,동구문화원,부산광역시 동구 중앙대로 349번길 20,626,"7,200",35.1268614,129.0459518,21094.0,18965.0,3519.0,3977.0,8392.0,9916.0,10083.0,12002.0,13494.0,9612.0,4783.0,335.0,28.0,2.0,0.0,0.0,3.0,5.0
부산,동래구,동래문화원,부산광역시 동래구 문화로 80,471,"197,982",35.2119855,129.0900989,31109.0,28977.0,6324.0,9143.0,11441.0,12301.0,17374.0,17886.0,18418.0,10438.0,3784.0,254.0,15.0,1.0,1.0,1.0,1.0,4.0
부산,부산진구,부산진문화원,부산광역시 부산진구시민공원로 19번길 28(부암동),402,"5,500",35.1644924,129.0517626,28731.0,25955.0,5914.0,6402.0,15122.0,15120.0,15127.0,16318.0,16596.0,9422.0,3979.0,246.0,33.0,1.0,1.0,1.0,1.0,4.0
부산,사상구,사상문화원,부산광역시 사상구 가야대로 196번길 51 다누림센터 2층,"2,066","30,000",35.1473755,128.9946896,12001.0,11752.0,1874.0,3236.0,6393.0,5058.0,6150.0,8410.0,9279.0,4390.0,1694.0,149.0,14.0,0.0,0.0,0.0,1.0,1.0
부산,사하구,사하문화원,부산광역시 사하구 낙동남로 1233번길 25(하단동) 을숙도문화회관 내,66,"1,880",35.1100527,128.9447372,311.0,332.0,64.0,69.0,119.0,63.0,140.0,209.0,290.0,52.0,31.0,0.0,10.0,0.0,1.0,1.0,1.0,3.0
부산,서구,서구문화원,부산광역시 서구 까치고개로 197번길 46,453,"4,800",35.1019752,129.0175732,26125.0,23595.0,3412.0,5489.0,14326.0,10557.0,12965.0,15605.0,18439.0,11793.0,5174.0,198.0,46.0,0.0,3.0,0.0,2.0,5.0
부산,수영구,수영문화원,부산광역시 수영구 광안해변로 219(광안동),643,"2,073",35.1537703,129.1184881,26818.0,22948.0,4853.0,5194.0,15215.0,15816.0,13904.0,14482.0,14731.0,9451.0,3782.0,317.0,8.0,0.0,0.0,0.0,2.0,2.0
부산,연제구,연제문화원,부산광역시 연제구 거제대로 180,"1,715","8,173",35.1842873,129.0712683,32543.0,28850.0,6670.0,9215.0,15731.0,15790.0,18618.0,19623.0,18724.0,10855.0,4676.0,335.0,23.0,0.0,0.0,0.0,1.0,1.0
부산,영도구,영도문화원,부산광역시 영도구 함지로 79번길 6(동삼동 516-1 영도도서관 2층),137,"36,667",35.07565,129.0660342,13456.0,12726.0,2009.0,3723.0,5902.0,5034.0,6914.0,9002.0,10520.0,6108.0,2390.0,87.0,20.0,1.0,0.0,1.0,1.0,3.0
부산,중구,중구문화원,부산광역시 중구 복병산길 20,477,"4,977",35.1035567,129.0334625,15908.0,14655.0,1078.0,2502.0,8435.0,6759.0,7272.0,10047.0,11625.0,7520.0,3478.0,329.0,33.0,0.0,3.0,1.0,2.0,6.0
부산,해운대구,해운대문화원,부산광역시 해운대구 센텀중앙로 170(재송동) 해운대구문화복합센터 4층,"1,725","35,000",35.1820999,129.1212965,27168.0,25577.0,6892.0,10970.0,9130.0,10218.0,17499.0,15767.0,14260.0,7072.0,1879.0,11.0,35.0,1.0,0.0,0.0,1.0,2.0
부산광역시,중구,40계단문화관 생활문화센터,부산광역시 중구 동광길 49,466.69,"15,585",35.1050051,129.0345701,16511.0,15391.0,1127.0,2546.0,9015.0,6965.0,7818.0,10743.0,12201.0,7892.0,3510.0,319.0,35.0,1.0,3.0,1.0,2.0,7.0
부산광역시,사상구,감전생활문화센터,부산광역시 사상구 새벽시장로 56번길 20(감전동행정복지센터 2층),258.79,782,35.1542544,128.9793777,5315.0,5817.0,840.0,984.0,2946.0,3057.0,2768.0,4180.0,4893.0,2486.0,693.0,17.0,13.0,0.0,0.0,0.0,1.0,1.0
부산광역시,수영구,구락생활문화센터,부산광역시 수영구 수미로35번길 40,827,"15,021",35.1753247,129.1153243,31264.0,28566.0,7421.0,10441.0,11112.0,12802.0,19207.0,18442.0,19975.0,11770.0,4526.0,218.0,14.0,0.0,0.0,0.0,1.0,1.0
부산광역시,북구,금곡생활문화센터,부산광역시 북구 금곡대로 466(금곡동),,,35.2500106,129.0128723,13687.0,12511.0,2745.0,3985.0,5153.0,5148.0,6662.0,9682.0,8757.0,4547.0,2026.0,146.0,21.0,0.0,0.0,0.0,1.0,1.0
부산광역시,영도구,깡깡이 생활문화센터,부산광역시 영도구 대평로28번길 6,469.3,"1,000",35.0917236,129.0346833,12029.0,11221.0,1247.0,1811.0,4286.0,4404.0,5686.0,7968.0,10398.0,7079.0,3419.0,272.0,14.0,1.0,0.0,0.0,1.0,2.0
부산광역시,서구,동대신3동 생활문화센터,부산광역시 서구 대영로73번길 92,335.1,"1,800",35.1144121,129.0172502,26895.0,23894.0,5561.0,7352.0,11572.0,10675.0,14221.0,15657.0,16225.0,10405.0,4677.0,305.0,36.0,1.0,0.0,0.0,1.0,2.0
부산광역시,사하구,두송생활문화센터,부산광역시 사하구 다송로 59 두송생활문화센터,251.25,"10,117",35.0620445,128.9855034,12707.0,12037.0,3098.0,4781.0,5486.0,5041.0,8052.0,10572.0,10745.0,5015.0,1697.0,62.0,11.0,0.0,0.0,0.0,1.0,1.0
부산광역시,동구,매축지생활문화센터,부산광역시 동구 성남로47번길13 2층(범일5동행정복지센터),,"1,000",35.1305085,129.0538038,15289.0,13880.0,2085.0,2716.0,5363.0,5779.0,7204.0,8917.0,10684.0,7569.0,3575.0,175.0,20.0,1.0,0.0,0.0,3.0,4.0
부산광역시,동구,범일생활문화센터,부산광역시 동구 범일동 79-1 (범일동),,"4,400",35.1393807,129.0560414,26365.0,24508.0,3897.0,4209.0,13046.0,14913.0,13192.0,15395.0,17743.0,11039.0,5057.0,273.0,28.0,1.0,0.0,0.0,2.0,3.0
부산광역시,부산진구,부산진구 생활문화센터,부산광역시 부산진구 당감서로 85,481.6,"1,784",35.1679126,129.0364961,26017.0,24046.0,6105.0,10896.0,11922.0,12715.0,17166.0,22005.0,22346.0,11849.0,4710.0,180.0,26.0,1.0,0.0,0.0,1.0,2.0
부산광역시,금정구,섯골생활문화센터,부산광역시 서곡로33번길 9(서동),1149.4,"3,000",35.2172,129.1038873,20583.0,19667.0,1800.0,3601.0,7778.0,7386.0,9483.0,14300.0,18653.0,10905.0,4021.0,136.0,16.0,1.0,0.0,0.0,1.0,2.0
부산광역시,수영구,수영구생활문화센터,부산광역시 수영구 광안해변로 219,1076.47,"55,414",35.1537703,129.1184881,26818.0,22948.0,4853.0,5194.0,15215.0,15816.0,13904.0,14482.0,14731.0,9451.0,3782.0,317.0,8.0,0.0,0.0,0.0,2.0,2.0
부산광역시,동구,수정생활문화센터,"부산광역시 동구 수정중로11번길 23(수정동, 수정2동행정복지센터)",,100,35.129968,129.0426454,22158.0,19924.0,3779.0,4610.0,9133.0,10186.0,11095.0,13246.0,14967.0,10613.0,4844.0,269.0,22.0,2.0,0.0,0.0,3.0,5.0
부산광역시,부산진구,양정1동 생활문화센터,부산광역시 부산진구 동평로 406번길 38,827.76,,35.1721897,129.0686258,29323.0,25116.0,4533.0,6244.0,16248.0,14215.0,13771.0,16603.0,17903.0,10520.0,4878.0,274.0,31.0,0.0,1.0,0.0,1.0,2.0
부산광역시,금정구,장전생활문화센터,부산광역시 금강로335번길 27(장전동),497.9,"7,870",35.237715,129.0849322,26343.0,25833.0,5274.0,10339.0,25026.0,11179.0,14450.0,16117.0,15323.0,7911.0,3396.0,238.0,24.0,0.0,1.0,0.0,1.0,2.0
부산광역시,부산진구,전포1동 생활문화센터,부산광역시 부산진구 서전로 68번길 75 (전포동 341-2),1316.74,"6,092",35.1543455,129.0675795,26353.0,23880.0,5179.0,5006.0,17758.0,16457.0,13801.0,14051.0,13556.0,8176.0,3178.0,89.0,27.0,1.0,3.0,0.0,1.0,5.0
부산광역시,동구,좌천생활문화센터,"부산광역시 동구 증산서로 18-1 (좌천동, 좌천생활문화센터)",,500,35.1361391,129.0486145,21529.0,19812.0,2302.0,3737.0,7478.0,7388.0,9210.0,12070.0,14891.0,10766.0,5068.0,294.0,20.0,2.0,0.0,0.0,4.0,6.0
부산광역시,동구,초량생활문화센터,부산광역시 동구 중앙대로 209번길 30 (초량2동 행정복지센터),,"1,599",35.1165473,129.0385105,20034.0,18793.0,3105.0,3624.0,9446.0,10215.0,10197.0,11930.0,13473.0,9057.0,4068.0,296.0,24.0,1.0,1.0,0.0,1.0,3.0
부산광역시,서구,충무동 생활문화센터,부산광역시 구덕로 148번길 16,275.64,"1,622",35.0980191,129.0216519,21519.0,19696.0,1881.0,3903.0,11084.0,7671.0,9629.0,13091.0,16382.0,10766.0,4759.0,154.0,37.0,0.0,3.0,0.0,2.0,5.0
부산광역시,북구,화명생활문화센터,부산광역시 북구 양달로 58(화명2동),,,35.2435669,129.0198342,19937.0,18418.0,5055.0,7130.0,8507.0,8420.0,11435.0,14738.0,12110.0,6131.0,2589.0,185.0,17.0,1.0,0.0,0.0,1.0,2.0
부천시,,역곡문화의집,경기도 부천시 역곡로 13번길 27b1,113.84,200,37.48595247,126.809932,35805.0,33181.0,8354.0,11333.0,16993.0,19610.0,21958.0,24613.0,22268.0,9903.0,3539.0,338.0,43.0,1.0,0.0,0.0,1.0,2.0
북구,,각화문화의집,광주광역시 북구 동문대로 238-8,532,6995,35.18303243,126.9324912,21283.0,20399.0,5264.0,6847.0,10230.0,9860.0,11666.0,13642.0,12415.0,6426.0,2128.0,54.0,13.0,0.0,0.0,0.0,1.0,1.0
북구,,북구문화의집,광주광역시 북구 대천로 86(문흥동),501,4230,35.18492445,126.9166798,25488.0,24226.0,6022.0,8764.0,12036.0,10794.0,13986.0,16116.0,13431.0,6443.0,2314.0,37.0,6.0,0.0,0.0,1.0,1.0,2.0
산청군,,덕산문화의집,경상남도 산청군 시천면 남명로 234번길 31,388.2,16000,35.27613134,127.8447867,224.0,213.0,37.0,84.0,24.0,24.0,50.0,199.0,262.0,139.0,110.0,13.0,0.0,0.0,2.0,0.0,2.0,4.0
서구,,농성문화의집,광주광역시 서구 화정로 314  23층(농성동),446.16,28400,35.15037234,126.8902227,21763.0,21831.0,5142.0,5721.0,9652.0,10968.0,11990.0,12870.0,12961.0,9501.0,4261.0,285.0,12.0,1.0,0.0,0.0,2.0,3.0
서귀포시,,대륜문화의집,제주특별자치도 서귀포시 일주동로 9185(법환동),257.4,5000,33.2481856,126.5111875,4422.0,4399.0,3021.0,3294.0,2078.0,3352.0,4790.0,3517.0,2010.0,960.0,239.0,0.0,17.0,1.0,1.0,1.0,1.0,4.0
서귀포시,,무릉문화의집,제주특별자치도 서귀포시 대정읍 서삼중로 128,1658,500,33.27346135,126.1989595,0.0,0.0,62.0,123.0,147.0,218.0,278.0,144.0,55.0,75.0,5.0,0.0,3.0,0.0,0.0,0.0,1.0,1.0
서귀포시,,보목문화의집,제주특별자치도 서귀포시 보목로70번길51-2,709,1903,33.24129905,126.6028576,804.0,834.0,257.0,281.0,287.0,381.0,469.0,809.0,508.0,322.0,220.0,31.0,11.0,0.0,0.0,0.0,1.0,1.0
서귀포시,,위미문화의집,제주특별자치도 서귀포시 태위로 105(위미리),463.26,6996,33.27500525,126.6585856,770.0,830.0,205.0,292.0,295.0,297.0,488.0,601.0,493.0,357.0,173.0,0.0,6.0,0.0,0.0,0.0,1.0,1.0
서귀포시,,중문문화의집,제주특별자치도 서귀포시 중문로 26번길 7,166.9,5400,33.25380419,126.4250921,3855.0,3957.0,3182.0,2908.0,2567.0,4464.0,5671.0,4641.0,3501.0,1657.0,772.0,22.0,11.0,1.0,0.0,0.0,1.0,2.0
서울,강남구,강남문화원,"서울특별시 강남구 테헤란로8길 36, 3층",564,"23,430",37.4964913,127.031845,30771.0,28366.0,5708.0,7603.0,16537.0,22188.0,19310.0,14018.0,10822.0,5707.0,1390.0,12.0,31.0,4.0,0.0,1.0,1.0,6.0
서울,강동구,강동문화원,"서울특별시 강동구 상암로 168, 2층(천호동, 강동구민회관)",,"7,802",37.5457299,127.1412042,58335.0,55497.0,10099.0,13116.0,28826.0,34096.0,32335.0,34800.0,35969.0,17843.0,4882.0,95.0,15.0,3.0,0.0,0.0,2.0,5.0
서울,강북구,강북문화원,"서울특별시 강북구 삼각산로 85, 강북문화예술회관 3층",620,"4,794",37.6407764,127.0131584,37329.0,34039.0,5210.0,7789.0,18606.0,17209.0,18940.0,24224.0,24280.0,15230.0,6525.0,137.0,24.0,0.0,0.0,1.0,1.0,2.0
서울,강서구,강서문화원,서울특별시 강서구 화곡로 215,"2,046","425,950",37.5446998,126.8437226,55411.0,50477.0,10747.0,15404.0,30935.0,34563.0,33560.0,30522.0,28164.0,14904.0,4029.0,283.0,21.0,2.0,0.0,1.0,1.0,4.0
서울,관악구,관악문화원,서울특별시 관악구 신림로3길 35(신림동),660,"47,452",37.4675139,126.9448053,13381.0,20013.0,1172.0,2172.0,16740.0,13542.0,9435.0,8574.0,7067.0,3964.0,1341.0,0.0,13.0,1.0,0.0,1.0,1.0,3.0
서울,광진구,광진문화원,서울특별시 광진구 광나루로 56길 67,"2,279","77,906",37.5365231,127.0964741,30510.0,27525.0,7223.0,12665.0,15919.0,16456.0,20606.0,18893.0,12559.0,5433.0,2176.0,60.0,24.0,1.0,0.0,0.0,2.0,3.0
서울,구로구,구로문화원,"서울특별시 구로구 경인로 20가길 38, 2층(오류동,오류문화센터)","1,061","8,836",37.4952975,126.8461967,41359.0,38960.0,8164.0,9299.0,21286.0,25567.0,22042.0,25364.0,25719.0,15727.0,5292.0,85.0,17.0,1.0,1.0,1.0,1.0,4.0
서울,금천구,금천문화원,서울특별시 금천구 시흥대로 38길 61,,"4,500",37.4466287,126.9041882,26609.0,25542.0,4896.0,7914.0,12627.0,13507.0,14781.0,18862.0,17547.0,9717.0,3627.0,75.0,17.0,0.0,0.0,1.0,1.0,2.0
서울,노원구,노원문화원,서울특별시 노원구 동일로 197길 24(공릉동),587,"313,475",37.6386381,127.0824209,11254.0,10731.0,1168.0,4391.0,4886.0,3059.0,5595.0,6589.0,5401.0,3008.0,1290.0,31.0,5.0,1.0,0.0,0.0,0.0,1.0
서울,도봉구,도봉문화원,"서울특별시 도봉구 도봉로 552(창동, 도봉구민회관)",,"19,974",37.6541023,127.0386268,48917.0,43838.0,8788.0,14076.0,23822.0,24159.0,26746.0,32611.0,30552.0,15024.0,6488.0,245.0,23.0,1.0,0.0,1.0,1.0,3.0
서울,동대문구,동대문문화원,"서울특별시 동대문구 왕산로 128, 지하2층(용신동, 동의보감타워)",561,"150,000",37.5778101,127.0376661,30048.0,29874.0,4714.0,5712.0,20633.0,18227.0,15347.0,17304.0,16925.0,10684.0,4834.0,82.0,29.0,1.0,2.0,0.0,1.0,4.0
서울,동작구,동작문화원,"서울특별시 동작구 장승배기로 10길 42, 3층(상도동, 동작문화복지센터)","2,507","20,943",37.5044029,126.9410582,49807.0,47385.0,9693.0,11633.0,33915.0,31167.0,26278.0,28069.0,26306.0,14963.0,5943.0,153.0,31.0,3.0,0.0,0.0,1.0,4.0
서울,마포구,마포문화원,서울특별시 마포구 백범로 227,"1,463","563,800",37.542243,126.9554097,48776.0,42251.0,10145.0,10694.0,24367.0,31088.0,25666.0,27565.0,21757.0,11706.0,5355.0,124.0,46.0,0.0,2.0,0.0,1.0,3.0
서울,서대문구,서대문문화원,서울특별시 서대문구 백련사길 39 서대문문화회관 2층,343,"35,108",37.5808067,126.9317169,26595.0,23754.0,4288.0,7097.0,19322.0,14317.0,14371.0,16283.0,14037.0,8220.0,3826.0,95.0,26.0,1.0,1.0,1.0,1.0,4.0
서울,서초구,서초문화원,서울특별시 서초구 강남대로 201 서초문화예술회관 2층,515,"87,875",37.4816879,127.0358257,18575.0,17042.0,3867.0,5227.0,9461.0,12735.0,11431.0,10579.0,8946.0,4491.0,1095.0,0.0,38.0,2.0,1.0,1.0,1.0,5.0
서울,성동구,성동문화원,서울특별시 성동구 왕십리로 281 성동문화회관 2층,127,"31,000",37.5593145,127.0366307,43308.0,40174.0,8486.0,10874.0,30421.0,24310.0,22346.0,24855.0,19756.0,11191.0,4314.0,47.0,51.0,2.0,0.0,1.0,1.0,4.0
서울,성북구,성북문화원,서울특별시 성북구 성북로4길 13-8,450,"106,734",37.5896121,127.0058455,34654.0,30389.0,5058.0,12383.0,25450.0,17825.0,17884.0,20832.0,15952.0,9523.0,4640.0,202.0,29.0,1.0,7.0,3.0,1.0,12.0
서울,송파구,송파문화원,서울특별시 송파구 올림픽로 44,"1,820","90,000",37.5102687,127.0763977,14584.0,13030.0,5586.0,9227.0,11265.0,13454.0,16479.0,14344.0,10739.0,5823.0,1577.0,60.0,19.0,2.0,0.0,0.0,1.0,3.0
서울,양천구,양천문화원,"서울특별시 양천구 목동남로 106, 2층 양천문화원",,"42,086",37.5108662,126.8702295,30115.0,28556.0,7008.0,14844.0,13619.0,12952.0,21460.0,22331.0,17784.0,8548.0,3087.0,262.0,18.0,3.0,0.0,1.0,1.0,5.0
서울,영등포구,영등포문화원,서울특별시 영등포구 신길로 275,"3,357","18,980",37.5152382,126.9108539,28442.0,29792.0,4323.0,4616.0,20521.0,21473.0,14799.0,17106.0,16159.0,9030.0,3540.0,70.0,24.0,0.0,0.0,0.0,1.0,1.0
서울,용산구,용산문화원,서울특별시 용산구 효창원로 8길 28,"1,286","2,500",37.5335207,126.9519225,27648.0,24619.0,5960.0,6609.0,12462.0,16814.0,15111.0,16948.0,14200.0,7583.0,3521.0,58.0,26.0,0.0,0.0,0.0,1.0,1.0
서울,은평구,은평문화원,"서울특별시 은평구 수색로282, 3층",684,"11,750",37.5835875,126.8933899,16447.0,15242.0,4635.0,5508.0,7469.0,9220.0,9977.0,9908.0,7639.0,3713.0,1313.0,24.0,13.0,0.0,2.0,0.0,1.0,3.0
서울,종로구,종로문화원,서울특별시 종로구 율곡로 5,248,"2,500",37.5761265,126.9803089,6693.0,5983.0,913.0,1400.0,3244.0,3946.0,3812.0,4143.0,3922.0,2258.0,1257.0,53.0,19.0,1.0,25.0,1.0,3.0,30.0
서울,중구,중구문화원,서울특별시 중구 청계천로 86(장교동 1번지),389,"2,400",37.5673769,126.9865762,3575.0,4144.0,330.0,491.0,2676.0,2659.0,2192.0,3040.0,3349.0,1901.0,797.0,42.0,45.0,1.0,10.0,2.0,2.0,15.0
서울,중랑구,중랑문화원,"서울특별시 중랑구 면목로 238, 3층(면목동, 중랑구민회관)",849,"25,417",37.5738889,127.085,36798.0,35715.0,8773.0,9736.0,18661.0,22832.0,23806.0,26004.0,24382.0,13801.0,4170.0,54.0,18.0,1.0,0.0,1.0,1.0,3.0
서울특별시,금천구,가산생활문화센터,서울특별시 금천구 가산로 133,463.35,250,37.477272,126.8915115,25230.0,28571.0,3149.0,3127.0,26077.0,25304.0,14335.0,15051.0,14123.0,6905.0,2207.0,142.0,32.0,1.0,1.0,0.0,1.0,3.0
서울특별시,광진구,광진종합문화센터,서울특별시 광진구 광나루로 56길 67(구의동),237.15,"8,506",37.5365231,127.0964741,30510.0,27525.0,7223.0,12665.0,15919.0,16456.0,20606.0,18893.0,12559.0,5433.0,2176.0,60.0,20.0,1.0,0.0,0.0,2.0,3.0
서울특별시,성북구,동네마당 뜰안,서울특별시 성북구 동소문로23길 16-27,397.1,320,37.5949551,127.0176603,45635.0,38346.0,8243.0,14110.0,30510.0,22671.0,25102.0,27582.0,21813.0,12231.0,5633.0,299.0,18.0,3.0,1.0,1.0,1.0,6.0
서울특별시,강동구,생활문화센터 예감,서울특별시 강동구 구천면로 371-1,236,"1,500",37.5507381,127.1397322,57852.0,55080.0,14886.0,18321.0,27907.0,34496.0,38042.0,38169.0,37707.0,18821.0,5075.0,170.0,12.0,2.0,0.0,0.0,2.0,4.0
서울특별시,종로구,서울생활문화센터 낙원,"서울특별시 종로구 삼일대로 428, 낙원상가 1층 하부도로",454,"7,547",37.5726662,126.9878079,4371.0,4866.0,419.0,655.0,2827.0,2803.0,2488.0,3143.0,3247.0,1840.0,774.0,36.0,25.0,0.0,13.0,2.0,3.0,18.0
서울특별시,구로구,서울생활문화센터 신도림,"서울특별시 구로구 새말로 117-21, 지하1층",699.5,"70,000",37.5087378,126.891109,43557.0,40471.0,11437.0,10910.0,21909.0,29142.0,25821.0,24838.0,22015.0,11045.0,3556.0,135.0,33.0,2.0,0.0,0.0,1.0,3.0
서울특별시,종로구,서울생활문화센터 체부,서울특별시 종로구 자하문로1나길 3-2,296,"9,378",37.576701,126.9714187,15040.0,12351.0,2000.0,3169.0,5171.0,6434.0,6985.0,7203.0,5933.0,3685.0,1923.0,40.0,24.0,2.0,11.0,2.0,2.0,17.0
서울특별시,도봉구,숲속애,서울특별시 도봉구 방학동 518,199,"4,610",37.6577523,127.0203618,30161.0,26939.0,5284.0,9301.0,13053.0,12158.0,15259.0,18619.0,18419.0,9296.0,4668.0,310.0,6.0,2.0,1.0,0.0,1.0,4.0
서울특별시,은평구,은평생활문화센터,서울특별시 은평구 연서로29길 11-10,281,"5,000",37.6186526,126.918617,50720.0,44434.0,7142.0,11826.0,27388.0,26825.0,26455.0,31762.0,28622.0,17128.0,7065.0,79.0,35.0,0.0,0.0,0.0,2.0,2.0
서울특별시,중랑구,중랑생활문화센터,"서울특별시 중랑구 공릉로2길 8-4, 207호",103,"1,640",37.61175,127.0784764,32813.0,30089.0,6548.0,9034.0,18628.0,19251.0,20165.0,21722.0,20812.0,11298.0,3804.0,57.0,23.0,0.0,1.0,0.0,1.0,2.0
서울특별시,서대문구,천연어울림 생활문화센터,"서울특별시 서대문구 영천동 250-5, 독립문어린이공원 앞 지하보도",,,37.5715632,126.9607718,25030.0,22006.0,5579.0,8872.0,11549.0,12327.0,14549.0,16145.0,13060.0,7275.0,3711.0,111.0,36.0,4.0,5.0,1.0,1.0,11.0
서초구,,한예종문화의집,서울특별시 성북구 화랑로 32길 146-37 본부동 4층 m403호 한국예술종합학교 발전재단,,,37.60635838,127.0539412,27659.0,25741.0,4176.0,6842.0,18986.0,13918.0,14080.0,16979.0,16172.0,9828.0,3975.0,58.0,5.0,1.0,2.0,2.0,1.0,6.0
성남시,,서현문화의집,경기도 성남시 분당구 중앙공원로39번길 29,777.12,27055,37.38254695,127.1265303,22377.0,20906.0,6276.0,10725.0,11840.0,13543.0,17258.0,16780.0,9974.0,4569.0,2067.0,91.0,31.0,1.0,0.0,1.0,2.0,4.0
성남시,,성남문화의집,경기도 성남시 수정구 산성대로 215번길 7,177.7,15231,37.43905169,127.1408518,41073.0,43134.0,8382.0,11545.0,22398.0,24242.0,26428.0,28920.0,26731.0,13503.0,4539.0,39.0,20.0,2.0,0.0,0.0,2.0,4.0
세종,세종특별자치시,세종문화원,세종특별자치시 조치원읍 문화로 17,"1,715","5,722",36.6031455,127.3006865,7254.0,8080.0,1146.0,2467.0,4183.0,2907.0,3797.0,4916.0,5226.0,2933.0,1581.0,83.0,18.0,0.0,0.0,0.0,2.0,2.0
세종특별자치시,부강면,부강생활문화센터,세종특별자치시 부강외천로 20,1194.73,398,36.5269918,127.3703721,2000.0,2531.0,182.0,428.0,843.0,772.0,987.0,1508.0,2140.0,1223.0,917.0,93.0,13.0,0.0,0.0,0.0,1.0,1.0
세종특별자치시,세종시,조치원 생활문화센터,세종특별자치시 조치원읍 조치원5길 75,929,,36.6045197,127.2984508,7576.0,8877.0,1028.0,2422.0,4998.0,3144.0,3782.0,5199.0,5328.0,3046.0,1611.0,76.0,18.0,0.0,0.0,0.0,2.0,2.0
연천군,,연천문화의집,경기도 연천군 연천읍 지혜로 117번길 20(연천향교),900,1500,38.09629739,127.0688802,518.0,547.0,272.0,276.0,121.0,309.0,421.0,286.0,213.0,59.0,12.0,0.0,1.0,1.0,0.0,0.0,1.0,2.0
영동군,,영동문화의집,충청북도 영동군 영동읍 영동천2길29,725,1168,36.17258622,127.7774237,5978.0,5693.0,834.0,1476.0,1549.0,1485.0,2327.0,4085.0,5234.0,3428.0,2291.0,206.0,15.0,2.0,1.0,0.0,2.0,5.0
영암군,,영암삼호문화의집,전라남도 영암군 삼호읍 신항로 63-12 한마음회관 2층,552,19507,34.74518123,126.379661,1915.0,2844.0,520.0,608.0,714.0,638.0,1203.0,1588.0,1251.0,827.0,434.0,28.0,6.0,0.0,0.0,0.0,1.0,1.0
영주시,,풍기문화의집,경상북도 영주시 풍기읍 동성로 18,521.82,35000,36.86901863,128.5340855,2633.0,2516.0,1773.0,737.0,1193.0,2573.0,1996.0,1602.0,1056.0,154.0,21.0,5.0,4.0,0.0,0.0,0.0,1.0,1.0
완주군,,완주문화의집,전라북도 완주군 삼례읍 삼례역로 13,3444.42,32500,35.90971355,127.0715881,3709.0,3857.0,935.0,908.0,1545.0,1440.0,1704.0,2248.0,2429.0,1533.0,1013.0,152.0,15.0,0.0,1.0,0.0,2.0,3.0
완주군,,이서문화의집,전라북도 완주군 이서면 오공로 11-10,323.9669,31240,35.83651248,127.0572444,11765.0,11056.0,2421.0,4294.0,3651.0,3544.0,6253.0,6562.0,6099.0,4100.0,2500.0,99.0,16.0,1.0,0.0,0.0,2.0,3.0
울산,남구,남구문화원,"울산광역시 남구 번영로 224, 1층",602,"25,000",35.5450941,129.3254507,20458.0,21267.0,3930.0,4987.0,10718.0,12138.0,11760.0,15439.0,12551.0,5234.0,1418.0,95.0,17.0,0.0,0.0,1.0,1.0,2.0
울산,동구,동구문화원,"울산광역시 동구 화진6길 4, 1층(화정동)",300,"5,000",35.4936934,129.4246347,21095.0,22358.0,6396.0,7840.0,8663.0,10767.0,13942.0,14373.0,14096.0,5530.0,1450.0,88.0,24.0,0.0,0.0,0.0,1.0,1.0
울산,북구,북구문화원,울산광역시 북구 산업로 1104(송정동),477,"5,000",35.6019113,129.372894,10196.0,10205.0,5074.0,3184.0,3851.0,7698.0,6348.0,5888.0,3214.0,691.0,105.0,0.0,3.0,0.0,0.0,0.0,0.0,0.0
울산,울주군,울주문화원,울산광역시 울주군 온양읍 외고산1길 4-19 울주민속박물관,70,"50,153",35.4363284,129.280962,0.0,0.0,0.0,0.0,0.0,0.0,0.0,0.0,0.0,0.0,0.0,0.0,4.0,0.0,2.0,0.0,1.0,3.0
울산,중구,중구문화원,울산광역시 중구 문화의거리 38,878,"3,000",35.5569759,129.3219495,11306.0,11385.0,2591.0,4100.0,5098.0,5032.0,7253.0,9749.0,8152.0,3565.0,1099.0,10.0,24.0,1.0,0.0,0.0,2.0,3.0
울산광역시,북구,북구생활문화센터,울산광역시 북구 오치골 1길 10-3,747,"9,960",35.5459458,129.385428,4119.0,5777.0,1091.0,1238.0,2715.0,2552.0,2362.0,3856.0,2857.0,989.0,326.0,30.0,5.0,0.0,0.0,0.0,1.0,1.0
울산광역시,중구,울산중구생활문화센터,울산광역시 중구 중앙길 161,39.9,"22,001",35.5564827,129.3221649,12137.0,12322.0,2806.0,4387.0,5605.0,5737.0,7840.0,10506.0,8761.0,3796.0,1123.0,10.0,24.0,1.0,0.0,0.0,2.0,3.0
울산광역시,울주군,울주생활문화센터,울산광역시 울주군 두서면 인보로 95,637.2,"3,046",35.6434564,129.1589909,204.0,202.0,0.0,16.0,35.0,72.0,67.0,172.0,266.0,167.0,57.0,0.0,6.0,0.0,0.0,0.0,1.0,1.0
은평구,,갈현1동문화의집,서울특별시 은평구 갈현로301,377.6,250,37.62368532,126.9166736,37109.0,33000.0,4582.0,7852.0,19268.0,18539.0,17983.0,22300.0,20035.0,11801.0,4878.0,74.0,31.0,1.0,0.0,0.0,2.0,3.0
은평구,,응암1동문화의집,서울특별시 은평구 백련산로179(응암동)2층,357,22900,37.60068075,126.9267552,52092.0,45521.0,13082.0,13339.0,24294.0,32094.0,31667.0,29732.0,26067.0,15490.0,6611.0,367.0,17.0,0.0,0.0,1.0,1.0,2.0
의왕시,,의왕문화의집,경기도 의왕시 백운로23,532,9000,37.35216763,126.9822911,9187.0,9070.0,2213.0,3497.0,3992.0,4596.0,5801.0,6702.0,6430.0,2651.0,1142.0,84.0,10.0,0.0,0.0,1.0,2.0,3.0
인천,강화군,강화문화원,인천광역시 강화군 강화읍 남문로 52,266,"1,400",37.7435721,126.4874538,4231.0,4017.0,1211.0,2025.0,1603.0,1856.0,2450.0,2668.0,2961.0,1781.0,772.0,23.0,12.0,0.0,1.0,0.0,1.0,2.0
인천,계양구,계양문화원,인천광역시 계양구 계산새로 88 6층 609호,87,"15,621",37.5371238,126.7377717,42743.0,40449.0,7703.0,13232.0,20895.0,20040.0,23060.0,33162.0,24331.0,6420.0,3093.0,238.0,26.0,2.0,1.0,0.0,1.0,4.0
인천,남동구,남동문화원,인천광역시 남동구 아암대로 1437번길 32,256,"4,800",37.3875623,126.7244797,12704.0,12089.0,3395.0,4926.0,4102.0,4448.0,7174.0,7370.0,4302.0,1257.0,482.0,38.0,10.0,1.0,0.0,1.0,1.0,3.0
인천,미추홀구,미추홀학산문화원,인천광역시 미추홀구 인하로 126(용현동 81-8),777,"98,786",37.4495,126.6618902,26240.0,28142.0,3770.0,7387.0,19819.0,9959.0,11432.0,14057.0,14214.0,8095.0,3381.0,132.0,5.0,2.0,1.0,1.0,2.0,6.0
인천,부평구,부평문화원,인천광역시 부평구 굴포로 151,394,"5,000",37.5123382,126.7378677,32357.0,29674.0,7121.0,13424.0,14690.0,14766.0,20244.0,24486.0,18837.0,7739.0,3402.0,346.0,19.0,1.0,2.0,1.0,1.0,5.0
인천,서구,서구문화원,인천광역시 서구 염곡로 464번길 15 쓰리엠타워 7층,10,"93,327",37.526394,126.670905,21132.0,20502.0,9680.0,8400.0,10648.0,15148.0,16272.0,16843.0,14000.0,4583.0,1218.0,52.0,15.0,0.0,0.0,0.0,1.0,1.0
인천,연수구,연수문화원,인천광역시 연수구 비류대로 299 청학문화센터,"1,529","39,860",37.4262004,126.6679293,14086.0,15138.0,2169.0,3489.0,6960.0,7230.0,7915.0,11773.0,10385.0,4551.0,2096.0,200.0,12.0,1.0,0.0,0.0,1.0,2.0
인천,옹진군,옹진문화원,인천광역시 중구 서해대로 374(4층),141,"1,600",37.4598996,126.6319386,18747.0,18706.0,3679.0,4905.0,11080.0,11107.0,10432.0,11870.0,11140.0,6500.0,2921.0,120.0,8.0,0.0,0.0,0.0,1.0,1.0
인천,중구,중구문화원,인천광역시 중구 축항대로 296번길 81 (중구문화회관내 1층),391,"5,700",37.4402337,126.6288792,1950.0,2100.0,729.0,818.0,709.0,858.0,1391.0,1064.0,792.0,303.0,42.0,0.0,4.0,0.0,0.0,1.0,1.0,2.0
인천,동구,화도진문화원,"인천광역시 동구 염전로 40번길 70 2층(송림동, 주민행복센터)","1,254","3,000",37.4822473,126.6464446,16342.0,16128.0,3748.0,5326.0,7383.0,8087.0,10768.0,10999.0,11029.0,6691.0,2696.0,138.0,21.0,2.0,1.0,1.0,1.0,5.0
인천광역시,연수구,507문화벙커 생활문화센터,"인천광역시 연수구 청학동 507, 연수동 651 경계 연수고가차도 지하보도",297,"8,458",37.4180199,126.6783085,28962.0,28566.0,5270.0,8642.0,14559.0,15053.0,15783.0,21359.0,17796.0,6346.0,2781.0,247.0,19.0,1.0,0.0,0.0,2.0,3.0
인천광역시,서구,가정생활문화센터,인천광역시 서구 서달로 190,363.6,"2,340",37.5156776,126.6797422,22822.0,22388.0,4776.0,7013.0,12109.0,12207.0,13133.0,19134.0,17273.0,6425.0,2097.0,53.0,15.0,1.0,0.0,2.0,1.0,4.0
인천광역시,중구,개항장 문화마당 생활문화센터,인천광역시 중구 차이나타운로 59번길 15,311.9,"2,570",37.4741537,126.6190622,6077.0,6084.0,1255.0,1726.0,2424.0,2804.0,4065.0,4352.0,4579.0,2860.0,1495.0,263.0,13.0,1.0,8.0,2.0,2.0,13.0
인천광역시,서구,검암경서생활문화센터,인천광역시 서구 시천동 178-8,99.6,"1,762",37.5724519,126.6752752,6828.0,6686.0,2409.0,2538.0,3488.0,4667.0,4959.0,4344.0,2876.0,1148.0,637.0,171.0,10.0,0.0,0.0,0.0,1.0,1.0
인천광역시,계양구,계양생활문화센터,인천광역시 계양구 계양산로35번길 11,,,37.5461353,126.7180809,13647.0,12789.0,1481.0,4478.0,8634.0,6524.0,6548.0,10473.0,9752.0,3787.0,1449.0,46.0,10.0,0.0,0.0,1.0,1.0,2.0
인천광역시,부평구,부평생활문화센터 공감168,인천광역시 부평구 아트센터로168,2586,"7,297",37.4832358,126.7038705,20801.0,19972.0,5440.0,6717.0,12809.0,15475.0,13953.0,17997.0,16662.0,8044.0,3489.0,202.0,15.0,1.0,0.0,1.0,1.0,3.0
인천광역시,동구,솔마루 생활문화센터,인천광역시 동구 화도진로 44번길 18,,"4,246",37.4762131,126.6346608,23008.0,22749.0,3708.0,6090.0,8416.0,8845.0,13633.0,14808.0,16326.0,10978.0,4989.0,455.0,24.0,2.0,2.0,2.0,1.0,7.0
인천광역시,중구,인천생활문화센터,인천광역시 중구 제물량로 218번길3,598.8,"15,578",37.4728243,126.6206044,6881.0,6797.0,1296.0,1838.0,2647.0,3106.0,4508.0,4960.0,5135.0,3429.0,1709.0,302.0,7.0,1.0,9.0,2.0,2.0,14.0
인천광역시,연수구,진달래 생활문화센터,인천광역시 연수구 청학동 507번지 청학중학교 앞 지하보도,303,"6,103",37.4163355,126.6735817,21956.0,21707.0,4328.0,7738.0,11710.0,11669.0,12860.0,18296.0,14686.0,5199.0,2174.0,224.0,14.0,0.0,0.0,0.0,2.0,2.0
인천광역시,미추홀구,학산 생활문화센터 마당,인천광역시 미추홀구 인하로 126,495,"9,114",37.4495,126.6618902,26240.0,28142.0,3770.0,7387.0,19819.0,9959.0,11432.0,14057.0,14214.0,8095.0,3381.0,132.0,3.0,2.0,1.0,1.0,2.0,6.0
임실군,,관촌문화의집,전라북도 임실군 관촌면 사선1길 41,402.47,2200,35.67594087,127.2702603,412.0,454.0,260.0,379.0,202.0,274.0,487.0,303.0,476.0,258.0,283.0,0.0,9.0,0.0,0.0,0.0,1.0,1.0
전남,강진군,강진문화원,전라남도 강진군 강진읍 영랑로 1길 9 강진아트홀 3층,165,"5,000",34.6381615,126.7704272,4306.0,4082.0,288.0,405.0,595.0,699.0,1112.0,2569.0,3470.0,2707.0,2445.0,243.0,3.0,1.0,2.0,1.0,1.0,5.0
전남,고흥군,고흥문화원,전라남도 고흥군 고흥읍 고흥로 1892-67,34,"1,300",34.6158362,127.3001885,855.0,656.0,15.0,82.0,93.0,116.0,211.0,442.0,769.0,644.0,511.0,56.0,0.0,0.0,0.0,1.0,1.0,2.0
전남,곡성군,곡성문화원,전라남도 곡성군 곡성읍 곡성로 855 곡성레저문화센터 3층,259,"35,530",35.2802521,127.2970233,2000.0,1915.0,225.0,296.0,317.0,401.0,647.0,1125.0,1163.0,874.0,654.0,45.0,20.0,1.0,0.0,1.0,2.0,4.0
전남,광양시,광양문화원,전라남도 광양시 광양읍 매천로 829,650,"20,300",34.9757463,127.5861218,7374.0,7606.0,4179.0,4847.0,3169.0,4987.0,6904.0,5129.0,3474.0,1561.0,716.0,93.0,15.0,2.0,0.0,1.0,2.0,5.0
전남,구례군,구례문화원,전라남도 구례군 구례읍 양정2길 11 구례문화예술회관 2층,,"1,250",35.2068468,127.4713353,2399.0,2262.0,250.0,1146.0,1329.0,551.0,1000.0,1557.0,1528.0,1054.0,811.0,93.0,6.0,2.0,0.0,1.0,1.0,4.0
전남,나주시,나주문화원,전라남도 나주시 시청길 22(송월동),506,"42,500",35.0159662,126.7110916,2933.0,2888.0,98.0,368.0,452.0,315.0,522.0,1299.0,1646.0,1156.0,951.0,161.0,5.0,0.0,0.0,1.0,1.0,2.0
전남,담양군,담양문화원,전라남도 담양군 담양읍 죽향문화로 35,"1,014","3,200",35.3095423,126.9766326,2054.0,1912.0,646.0,1258.0,1010.0,1133.0,1265.0,2601.0,1878.0,473.0,122.0,6.0,0.0,1.0,1.0,0.0,1.0,3.0
전남,목포시,목포문화원,"전라남도 목포시 수강로 12번길 41, 4층",,"1,500",34.7891032,126.3882918,6503.0,6466.0,1743.0,2566.0,2894.0,2926.0,4581.0,5261.0,4977.0,3163.0,1277.0,16.0,20.0,0.0,6.0,0.0,2.0,8.0
전남,무안군,무안문화원,전라남도 무안군 무안읍 창포로 8,171,500,34.9902515,126.4723063,4097.0,4100.0,354.0,710.0,1014.0,864.0,1264.0,2541.0,3811.0,2936.0,2364.0,190.0,10.0,1.0,0.0,1.0,2.0,4.0
전남,보성군,보성문화원,전라남도 보성군 보성읍 송재로 281-11,"1,589","43,000",34.7780181,127.08839,963.0,867.0,45.0,62.0,58.0,92.0,171.0,507.0,954.0,537.0,539.0,56.0,5.0,1.0,0.0,1.0,1.0,3.0
전남,순천시,순천문화원,전라남도 순천시 장명로 58(장천동),676,"6,000",34.9507453,127.4902166,6319.0,6281.0,1006.0,2531.0,2730.0,2070.0,3510.0,5224.0,4700.0,3186.0,1285.0,61.0,16.0,1.0,0.0,0.0,2.0,3.0
전남,신안군,신안문화원,전라남도 목포시 수강로3번길 14 신안군 별관 3층,363,"10,000",34.7844586,126.3849407,3406.0,3470.0,518.0,1081.0,1455.0,1068.0,2344.0,2720.0,2800.0,1863.0,756.0,16.0,32.0,0.0,5.0,0.0,2.0,7.0
전남,여수시,여수문화원,전라남도 여수시 이순신광장로 200-7,598,"2,100",34.7392509,127.7456535,3960.0,3859.0,61.0,367.0,580.0,429.0,779.0,2052.0,3076.0,2617.0,1544.0,112.0,23.0,0.0,0.0,0.0,1.0,1.0
전남,영광군,영광문화원,전라남도 영광군 영광읍 천년로13길 2-28 영광문화원,"1,434","30,000",35.2720214,126.5080266,6258.0,5896.0,1039.0,1733.0,1674.0,1631.0,2665.0,3940.0,4628.0,3525.0,2621.0,251.0,5.0,1.0,0.0,0.0,0.0,1.0
전남,영암군,영암문화원,전라남도 영암군 영암읍 교동로 55,"1,303","30,000",34.7969561,126.6911357,1613.0,1504.0,147.0,178.0,247.0,272.0,417.0,884.0,1445.0,1009.0,645.0,54.0,12.0,2.0,0.0,1.0,1.0,4.0
전남,완도군,완도문화원,전라남도 완도군 완도읍 개포로 159번길 44,820,"9,000",34.3231153,126.7434004,3394.0,3372.0,473.0,796.0,1025.0,835.0,1597.0,3005.0,3280.0,2495.0,1848.0,212.0,4.0,0.0,0.0,1.0,2.0,3.0
전남,장성군,장성문화원,전라남도 장성군 장성읍 문화로 110 장성문화예술회관,331,"3,640",35.3021103,126.7665501,1301.0,1208.0,295.0,250.0,372.0,491.0,587.0,988.0,1459.0,1080.0,630.0,30.0,3.0,1.0,0.0,1.0,1.0,3.0
전남,장흥군,장흥문화원,전라남도 장흥군 장흥읍 읍성로 96 장흥문화예술회관 3층,298,"48,000",34.676836,126.8984759,1868.0,1680.0,81.0,180.0,191.0,237.0,423.0,1286.0,1500.0,1212.0,1106.0,71.0,0.0,1.0,1.0,1.0,1.0,4.0
전남,진도군,진도문화원,전라남도 진도군 진도읍 진도대로 7187,731,"1,000",34.478765,126.2692737,2575.0,2523.0,387.0,269.0,183.0,478.0,761.0,1329.0,1928.0,1732.0,1186.0,136.0,3.0,1.0,0.0,1.0,1.0,3.0
전남,함평군,함평문화원,전라남도 함평군 함평읍 기산길 163-16,744,500,35.071606,126.5190945,902.0,920.0,40.0,102.0,202.0,147.0,241.0,513.0,739.0,677.0,448.0,24.0,1.0,1.0,0.0,0.0,1.0,2.0
전남,해남군,해남문화원,전라남도 해남군 해남읍 수성 4길 2,961,"20,000",34.5723638,126.6006368,6380.0,6106.0,709.0,1474.0,1012.0,1107.0,2189.0,3802.0,4997.0,3970.0,2849.0,341.0,5.0,2.0,0.0,1.0,2.0,5.0
전남,화순군 ,화순문화원,전라남도 화순군 화순읍 대교로 7,"2,332","51,484",35.0634469,126.980253,5995.0,5677.0,1187.0,2297.0,2738.0,1921.0,3677.0,5816.0,4924.0,3759.0,2938.0,341.0,13.0,1.0,0.0,0.0,2.0,3.0
전라남도,보성군,겸백 생활문화센터,전라남도 보성군 겸백면 충의로 2476,60,800,34.8294215,127.1519277,0.0,0.0,0.0,0.0,0.0,0.0,0.0,0.0,0.0,0.0,0.0,0.0,5.0,0.0,0.0,0.0,1.0,1.0
전라남도,해남군,계곡 생활문화센터,전라남도 해남군 계곡면 신성2길 28,,"3,000",34.6454611,126.6601,0.0,0.0,0.0,0.0,0.0,0.0,0.0,0.0,0.0,0.0,0.0,0.0,3.0,0.0,0.0,0.0,1.0,1.0
전라남도,곡성군,곡성 생활문화센터,전라남도 곡성군 곡성읍 곡성로 855,5760,"120,000",35.2807999,127.2977603,2000.0,1915.0,225.0,296.0,317.0,401.0,647.0,1125.0,1163.0,874.0,654.0,45.0,14.0,1.0,0.0,1.0,2.0,4.0
전라남도,해남군,문내 생활문화센터,전라남도 해남군 문내면 동외리 1187-2번지,,"2,500",34.5919259,126.3085141,420.0,413.0,51.0,45.0,34.0,54.0,175.0,220.0,324.0,307.0,309.0,35.0,2.0,0.0,0.0,0.0,1.0,1.0
전라남도,광양시,생활문화센터,"전라남도 광양시 광양읍 인덕로 1052, 2층",198,"1,500",34.9763302,127.5825184,8964.0,9138.0,5157.0,5570.0,4261.0,6632.0,8511.0,6151.0,4103.0,1842.0,768.0,93.0,14.0,2.0,0.0,1.0,2.0,5.0
전라남도,순천시,순천시 생활문화센터,전라남도 순천시 중앙로 95,1473.3,"19,477",34.9542552,127.4836467,5947.0,5727.0,743.0,1792.0,2334.0,2017.0,2691.0,4353.0,4842.0,3503.0,1784.0,86.0,21.0,1.0,2.0,0.0,2.0,5.0
전라남도,여수시,여수시 예술인촌 생활문화센터,전라남도 여수시 화양면 옥천로 516-2,443.4,,34.7178668,127.5736374,0.0,0.0,0.0,0.0,0.0,0.0,0.0,0.0,0.0,0.0,0.0,0.0,5.0,0.0,0.0,0.0,1.0,1.0
전라남도,완도군,완도군생활문화센터,전라남도 완도군 완도읍 개포로 111,1266,"33,240",34.3164558,126.7417761,3538.0,3435.0,466.0,777.0,1002.0,807.0,1605.0,3068.0,3360.0,2700.0,2179.0,238.0,3.0,0.0,0.0,1.0,2.0,3.0
전라남도,보성군,조성면 생활문화센터,전라남도 보성군 조성면 조성로 119,56,"1,000",34.8084349,127.2477314,0.0,0.0,0.0,0.0,0.0,0.0,0.0,0.0,0.0,0.0,0.0,0.0,8.0,0.0,0.0,0.0,1.0,1.0
전라남도,담양군,창흥학당(창평면 복합커뮤니티센터),전라남도 담양군 창평면 창평로 615,817.27,170,35.2503126,126.9985174,289.0,239.0,0.0,0.0,0.0,0.0,0.0,0.0,0.0,0.0,0.0,0.0,4.0,0.0,0.0,0.0,1.0,1.0
전라남도,장흥군,천관문학관 생활문화센터,전라남도 장흥군 대덕읍 천관산문학길 160,313.9,"4,000",34.5150143,126.9068205,206.0,196.0,182.0,144.0,167.0,317.0,427.0,291.0,248.0,140.0,228.0,87.0,0.0,0.0,0.0,0.0,1.0,1.0
전라남도,해남군,해남군 생활문화센터,전라남도 해남군 해남읍 군청길4,,"25,000",34.5733194,126.5996445,6730.0,6446.0,722.0,1506.0,1090.0,1097.0,2248.0,4082.0,5165.0,3961.0,2887.0,341.0,4.0,2.0,0.0,1.0,2.0,5.0
전라남도,화순군,화순생활문화센터,전라남도 화순군 화순읍 대교로 7,921.3,"1,300",35.0634469,126.980253,5995.0,5677.0,1187.0,2297.0,2738.0,1921.0,3677.0,5816.0,4924.0,3759.0,2938.0,341.0,10.0,1.0,0.0,0.0,2.0,3.0
전라북도,고창군,고창 생활문화센터,전라북도 고창군 고창읍 판소리길 20,794,"10,500",35.4316666,126.7025854,4011.0,4256.0,452.0,772.0,741.0,860.0,1487.0,2643.0,3511.0,2897.0,2177.0,200.0,12.0,3.0,1.0,2.0,2.0,8.0
전라북도,완주군,구이생활문화센터,전라북도 완주군 구이면 구이로 1481,508.52,"6,461",35.7315289,127.1192809,475.0,476.0,113.0,287.0,287.0,148.0,324.0,201.0,97.0,112.0,40.0,0.0,8.0,0.0,0.0,0.0,1.0,1.0
전라북도,김제시,김제생활문화센터,전라북도 김제시 성산길 20,,"2,916",35.8028982,126.877099,3087.0,2803.0,312.0,757.0,840.0,701.0,1400.0,2207.0,2588.0,1821.0,1185.0,122.0,3.0,0.0,0.0,1.0,2.0,3.0
전라북도,완주군,동상생활문화센터,전라북도 완주군 동상면 동상로 1408,433.84,"2,148",35.9361864,127.2969775,0.0,0.0,0.0,0.0,0.0,0.0,0.0,0.0,0.0,0.0,0.0,0.0,6.0,0.0,0.0,0.0,1.0,1.0
전라북도,부안군,부안생활문화센터,전라북도 부안군 부안읍 매창로 89,290.4,"2,400",35.7193164,126.7287655,4084.0,3863.0,220.0,770.0,650.0,559.0,1190.0,2264.0,3160.0,2956.0,2074.0,312.0,3.0,1.0,0.0,1.0,2.0,4.0
전라북도,완주군,삼례생활문화센터,전라북도 완주군 삼례읍 삼례역로 13,1137,"18,414",35.9093864,127.071639,3126.0,3192.0,935.0,908.0,1545.0,1440.0,1704.0,2248.0,2429.0,1533.0,1013.0,152.0,13.0,0.0,1.0,0.0,2.0,3.0
전라북도,전주시,삼천생활문화센터,"전라북도 전주시 완산구 거마중앙로 49, 삼천2동사무소 2층",433.6,"10,530",35.7963297,127.1222939,27716.0,25566.0,5367.0,11050.0,11526.0,9951.0,13323.0,18810.0,16974.0,9013.0,4551.0,725.0,7.0,1.0,0.0,0.0,1.0,2.0
전라북도,전주시,우아생활문화센터,"전라북도 전주시 덕진구 우아2길 25, 2층",443.6,"6,128",35.8498198,127.1595078,9282.0,8817.0,1699.0,2956.0,4622.0,3657.0,5054.0,6229.0,6100.0,3475.0,1420.0,23.0,8.0,1.0,0.0,0.0,1.0,2.0
전라북도,완주군,이서문화의집,전라북도 완주군 이서면 오공로 11-10 참사랑빌딩 5층,443.22,"11,034",35.8365246,127.057242,11765.0,11056.0,2421.0,4294.0,3651.0,3544.0,6253.0,6562.0,6099.0,4100.0,2500.0,99.0,16.0,1.0,0.0,0.0,2.0,3.0
전라북도,익산시,익산생활문화센터,전라북도 익산시 선화로4길 37,328.4,"3,887",35.9479074,126.9330556,15454.0,14407.0,4183.0,6881.0,6085.0,6176.0,9315.0,10019.0,8974.0,4855.0,1986.0,115.0,12.0,1.0,0.0,0.0,1.0,2.0
전라북도,전주시,인후생활문화센터,전라북도 전주시 덕진구 견훤로 290,460.9,"8,908",35.8374869,127.156732,21209.0,19799.0,4626.0,7560.0,13355.0,12280.0,13125.0,14008.0,9882.0,5779.0,2425.0,168.0,12.0,1.0,0.0,0.0,1.0,2.0
전라북도,장수군,장수한누리전당 생활문화센터,전라북도 장수군 장수읍 한누리로 393,1233,"1,489",35.6415453,127.518373,921.0,913.0,44.0,124.0,129.0,142.0,385.0,648.0,914.0,603.0,391.0,34.0,2.0,0.0,0.0,1.0,2.0,3.0
전라북도,정읍시,정읍시생활문화센터,전라북도 정읍시 신태인읍 신태인1길 121,645.2,,35.6876392,126.887232,1390.0,1291.0,289.0,543.0,533.0,436.0,687.0,1018.0,658.0,230.0,31.0,0.0,13.0,1.0,0.0,0.0,1.0,2.0
전라북도,전주시,진북생활문화센터,전라북도 전주시 덕진구 팔달로 340-30 2층,633,"7,483",35.8312036,127.1395594,16123.0,15725.0,3570.0,4767.0,11627.0,8012.0,8796.0,10232.0,9357.0,5419.0,3245.0,268.0,14.0,2.0,0.0,1.0,2.0,5.0
전라북도,진안군,진안 청소년 생활문화센터,전라북도 진안군 진무로 1054-14,1184.62,"33,874",35.7882339,127.4264424,1359.0,1336.0,64.0,191.0,232.0,213.0,535.0,1144.0,1249.0,1015.0,559.0,51.0,8.0,1.0,0.0,1.0,3.0,5.0
전라북도,전주시,효자생활문화센터,전라북도 전주시 완산구 강변로 180 2층,385.9,"4,413",35.8064645,127.1103052,24980.0,23421.0,5334.0,10802.0,14571.0,11018.0,14080.0,16265.0,13706.0,7414.0,3065.0,190.0,6.0,0.0,0.0,0.0,1.0,1.0
전북,고창군,고창문화원,전라북도 고창군 고창읍 천변북로 119,"1,310","20,000",35.4343225,126.7051719,4508.0,4516.0,571.0,1016.0,932.0,1068.0,1796.0,3070.0,3758.0,3012.0,2064.0,181.0,10.0,3.0,1.0,2.0,2.0,8.0
전북,군산시,군산문화원,전라북도 군산시 대학로 330,277,"4,500",35.9645863,126.6930979,18466.0,17393.0,4356.0,6586.0,7558.0,7278.0,11459.0,12123.0,9541.0,4535.0,2065.0,126.0,9.0,1.0,0.0,1.0,1.0,3.0
전북,김제시,김제문화원,전라북도 김제시 서암5길 5(구 예술회관 3층),390,"33,000",35.8046768,126.8819648,4081.0,3946.0,388.0,800.0,1094.0,973.0,1756.0,3235.0,4003.0,2696.0,1938.0,188.0,11.0,0.0,0.0,1.0,2.0,3.0
전북,남원시,남원문화원,전라북도 남원시 광한북로 57 (3층),584,"20,000",35.4081998,127.3795192,5905.0,5450.0,1205.0,1784.0,1603.0,1635.0,2964.0,3974.0,4276.0,3075.0,2396.0,176.0,16.0,2.0,1.0,1.0,1.0,5.0
전북,무주군,무주문화원,전라북도 무주군 무주읍 최북로 15,36,"82,000",36.003584,127.6656355,2718.0,2772.0,205.0,379.0,413.0,465.0,693.0,1650.0,2565.0,1733.0,1232.0,66.0,20.0,1.0,2.0,0.0,1.0,4.0
전북,부안군,부안문화원,전라북도 부안군 부안읍 매창1길 25,600,"5,000",35.7213258,126.7286337,4889.0,4662.0,302.0,868.0,778.0,767.0,1442.0,2895.0,3829.0,3514.0,2553.0,338.0,5.0,1.0,0.0,1.0,2.0,4.0
전북,순창군,순창문화원,전라북도 순창군 순창읍 장류로 407-11,131,"19,020",35.3770022,127.1479103,2334.0,2285.0,243.0,205.0,387.0,389.0,591.0,1247.0,1728.0,1638.0,1247.0,137.0,10.0,2.0,1.0,1.0,1.0,5.0
전북,완주군,완주문화원,전라북도 완주군 고산면 읍내7길 43,545,"20,000",35.9774891,127.2125566,661.0,638.0,114.0,76.0,178.0,156.0,257.0,571.0,584.0,418.0,255.0,6.0,1.0,1.0,0.0,0.0,1.0,2.0
전북,익산시,익산문화원,전라북도 익산시 선화로 529(어양동),,"31,200",35.9713261,126.9770157,3301.0,3253.0,1104.0,1685.0,1592.0,1499.0,2278.0,2444.0,1171.0,437.0,102.0,0.0,2.0,0.0,2.0,1.0,0.0,3.0
전북,임실군,임실문화원,전라북도 임실군 임실읍 봉황로 131,"1,541","10,000",35.6127427,127.2775043,1752.0,1649.0,229.0,661.0,448.0,471.0,799.0,1141.0,1404.0,942.0,672.0,50.0,3.0,1.0,0.0,0.0,1.0,2.0
전북,장수군,장수문화원,전라북도 장수군 장수읍 한누리로 393,270,"10,000",35.6415453,127.518373,921.0,913.0,44.0,124.0,129.0,142.0,385.0,648.0,914.0,603.0,391.0,34.0,2.0,0.0,0.0,1.0,2.0,3.0
전북,전주시,전주문화원,전라북도 전주시 덕진구 팔달로 340-30,704,"4,500",35.8312036,127.1395594,16123.0,15725.0,3570.0,4767.0,11627.0,8012.0,8796.0,10232.0,9357.0,5419.0,3245.0,268.0,20.0,2.0,0.0,1.0,2.0,5.0
전북,정읍시,정읍문화원,전라북도 정읍시 조곡천 1길 1,391,"5,000",35.5684099,126.8450832,4894.0,4690.0,1079.0,1592.0,1374.0,1481.0,2675.0,3337.0,2887.0,2005.0,980.0,41.0,11.0,1.0,0.0,1.0,2.0,4.0
전북,진안군,진안문화원,전라북도 진안군 진안읍 중앙로 66,533,"35,000",35.7906718,127.4255261,1797.0,1748.0,75.0,218.0,261.0,278.0,656.0,1435.0,1735.0,1361.0,792.0,98.0,10.0,1.0,0.0,1.0,3.0,5.0
정읍시,,정읍문화의집,전라북도 정읍시 조곡천1길 7,45,260,35.56845952,126.8459059,5520.0,5257.0,1114.0,1710.0,1450.0,1525.0,2838.0,3527.0,2944.0,2023.0,985.0,41.0,13.0,1.0,0.0,1.0,2.0,4.0
제주,서귀포시,서귀포문화원,제주특별자치도 서귀포시 이중섭로 33 3층,307,"19,000",33.2451823,126.5645145,6022.0,5790.0,1406.0,1701.0,1724.0,2345.0,3448.0,4496.0,3654.0,2411.0,1319.0,66.0,21.0,0.0,3.0,0.0,1.0,4.0
제주,제주시,제주문화원,"제주특별자치도 제주시 중앙로 2, 2층",630,"25,000",33.5178929,126.524212,6033.0,6187.0,2001.0,2441.0,2568.0,2941.0,3920.0,4262.0,3278.0,1699.0,892.0,46.0,9.0,0.0,3.0,1.0,2.0,6.0
제주시,,봉개동문화의집,제주특별자치도 제주시 봉개북1길 15(봉개동),285.8,100,33.49171451,126.5947669,1577.0,1572.0,509.0,515.0,688.0,807.0,898.0,1056.0,762.0,312.0,194.0,13.0,9.0,0.0,0.0,0.0,1.0,1.0
제주시,,삼도2동문화의집,제주특별자치도 제주시 관덕로6길 15 3층(삼도2동),368.69,1200,33.51173279,126.5222065,13466.0,13650.0,5295.0,6664.0,6631.0,7640.0,9944.0,10217.0,7520.0,3601.0,1667.0,92.0,15.0,0.0,2.0,1.0,3.0,6.0
제주시,,연동문화의집,제주특별자치도 제주시 신대로 101(연동),121.44,15700,33.48838065,126.4969195,15514.0,14826.0,7354.0,7264.0,8375.0,10243.0,12261.0,11044.0,6559.0,2390.0,1050.0,110.0,14.0,1.0,1.0,1.0,2.0,5.0
제주시,,연동문화의집,제주특별자치도 제주시 신대로 101(연동),121.44,24000,33.48838065,126.4969195,15514.0,14826.0,7354.0,7264.0,8375.0,10243.0,12261.0,11044.0,6559.0,2390.0,1050.0,110.0,14.0,1.0,1.0,1.0,2.0,5.0
제주시,,이도2동문화의집,제주특별자치도 제주시 오복3길 8(이도이동),356,5549,33.4970686,126.5352973,18679.0,17648.0,5034.0,7531.0,8260.0,8429.0,10906.0,12441.0,10024.0,5323.0,2073.0,112.0,10.0,2.0,1.0,1.0,1.0,5.0
제주시,,일도1동문화의집,제주특별자치도 제주시 성지로 71(일도1동 1048-1),585,600,33.51166628,126.5307526,15829.0,15724.0,5213.0,6182.0,5585.0,6903.0,10480.0,11341.0,9449.0,5312.0,2718.0,232.0,13.0,0.0,2.0,3.0,2.0,7.0
제주시,,하귀문화의집,제주특별자치도 제주시 애월읍 하귀로21길 30,616.6,1777,33.47963469,126.4033243,2200.0,2219.0,505.0,578.0,551.0,754.0,1187.0,1552.0,1347.0,921.0,643.0,45.0,11.0,0.0,0.0,0.0,1.0,1.0
제주시,,해안동문화의집,제주특별자치도 제주시 해안마을7길 1-1,307.9,,33.45550268,126.4550106,563.0,583.0,308.0,225.0,238.0,338.0,388.0,320.0,198.0,40.0,7.0,0.0,4.0,0.0,0.0,0.0,2.0,2.0
제주특별자치도,제주시,내도동 생활문화센터,제주특별자치도 제주시 내도3길 4-1,,180,33.4944219,126.4397173,2742.0,2795.0,935.0,1711.0,2209.0,1711.0,2267.0,2724.0,1257.0,497.0,175.0,10.0,8.0,0.0,0.0,0.0,1.0,1.0
제주특별자치도,제주시,사평마을 생활문화센터,제주특별자치도 제주시 사평 4길 33,,260,33.4903123,126.5127105,5324.0,5333.0,2462.0,2713.0,2232.0,2835.0,3875.0,3825.0,2296.0,693.0,195.0,7.0,6.0,0.0,0.0,0.0,1.0,1.0
제주특별자치도,제주시,영평하동 생활문화센터,제주특별자치도 제주시 영강길 142(영평동),,350,33.4863268,126.5738727,391.0,411.0,131.0,254.0,162.0,156.0,395.0,358.0,316.0,186.0,126.0,34.0,2.0,0.0,0.0,0.0,1.0,1.0
제주특별자치도,제주시,우도면 생활문화센터,제주특별자치도 제주시 우도면 영일진사길 15-5,,"1,800",33.5073087,126.9558201,544.0,607.0,216.0,168.0,116.0,268.0,438.0,424.0,380.0,141.0,104.0,0.0,1.0,0.0,0.0,0.0,1.0,1.0
제주특별자치도,제주시,종달리 생활문화센터,제주특별자치도 제주시 구좌읍 종달논길 33,,240,33.493211,126.9012642,469.0,438.0,163.0,175.0,174.0,304.0,341.0,336.0,136.0,104.0,64.0,13.0,1.0,0.0,0.0,0.0,1.0,1.0
제주특별자치도,제주시,해안동생활문화센터,제주특별자치도 제주시 해안마을7길 1-1,,960,33.455445,126.4549804,563.0,583.0,308.0,225.0,238.0,338.0,388.0,320.0,198.0,40.0,7.0,0.0,3.0,0.0,0.0,0.0,2.0,2.0
제천시,,제천문화의집,충청북도 제천시 의림대로 125,370.6,1200,37.13923098,128.2107809,10752.0,10674.0,3331.0,4811.0,5084.0,5657.0,7660.0,8813.0,7761.0,3879.0,1906.0,80.0,19.0,2.0,0.0,0.0,2.0,4.0
증평군,,증평문화의집,충청북도 증평군 증평읍 문화로 75 2층 문화의집,495.6,2800,36.7866167,127.5900276,7556.0,7650.0,2121.0,2477.0,3111.0,3678.0,4404.0,4814.0,4943.0,2514.0,1177.0,51.0,12.0,1.0,0.0,0.0,2.0,3.0
진안군,,진안문화의집,전라북도 진안군 진안읍 대성길5,1493.4,21500,35.78906805,127.4234684,1797.0,1748.0,64.0,211.0,237.0,250.0,616.0,1302.0,1531.0,1196.0,652.0,92.0,6.0,1.0,0.0,1.0,3.0,5.0
진천군,,진천문화의집,충청북도 진천군 덕산읍 산삼로46,16565,10000,36.88585589,127.4817441,137.0,185.0,21.0,31.0,108.0,110.0,102.0,178.0,141.0,72.0,34.0,14.0,2.0,0.0,0.0,0.0,1.0,1.0
창원시,,경화문화의집,경상남도 창원시 진해구 경화로45번길 26(경화동 1133-25),377.4,5000,35.15738598,128.6825312,9430.0,9260.0,1907.0,2404.0,3253.0,4483.0,5033.0,6033.0,7057.0,4548.0,1747.0,55.0,17.0,0.0,0.0,0.0,1.0,1.0
창원시,,내서문화의집,경상남도 창원시 마산회원구 내서읍 중리 330-3,1036,501,35.24874774,128.5229635,3520.0,3541.0,581.0,838.0,751.0,792.0,1626.0,1375.0,1658.0,1150.0,295.0,38.0,12.0,1.0,0.0,0.0,1.0,2.0
창원시,,웅동문화의집,경상남도 창원시 진해구 용원남로 89,424.6,669,35.10074865,128.8146146,9728.0,11993.0,5426.0,4063.0,4441.0,8184.0,9434.0,7806.0,5696.0,2266.0,876.0,28.0,11.0,1.0,0.0,0.0,1.0,2.0
청주시,,직지(흥덕)문화의집,충청북도 청주시 서원구 예체로 118,630.4,,36.63672174,127.4692977,18835.0,18906.0,4902.0,5848.0,9569.0,9952.0,11053.0,12503.0,12281.0,5865.0,3140.0,280.0,7.0,0.0,2.0,2.0,1.0,5.0
청주시,,청주문화의집,충청북도 청주시 상당구 대성로 6번길 18,709.9,40000,36.62550848,127.4945967,16773.0,16491.0,3555.0,5784.0,7922.0,7045.0,9438.0,11457.0,10340.0,6364.0,3444.0,280.0,12.0,0.0,0.0,0.0,1.0,1.0
충남,공주시,공주문화원,충청남도 공주시 대통1길 66(반죽동),"2,159","45,000",36.4543979,127.1225888,4947.0,5381.0,695.0,1299.0,1734.0,1434.0,2483.0,3577.0,3919.0,2450.0,2062.0,193.0,23.0,1.0,2.0,0.0,1.0,4.0
충남,금산군,금산문화원,충청남도 금산군 금산읍 금산로 1559(금산다락원 내),"1,203","20,000",36.1126738,127.4921364,4909.0,4499.0,1459.0,2091.0,1692.0,2177.0,3579.0,3103.0,2030.0,1145.0,563.0,10.0,5.0,2.0,1.0,1.0,1.0,5.0
충남,논산시,논산문화원,충청남도 논산시 관촉로 113-16,"1,733","89,770",36.1977233,127.1074444,1868.0,1783.0,715.0,975.0,895.0,1239.0,1474.0,1652.0,1465.0,695.0,302.0,39.0,9.0,1.0,0.0,0.0,1.0,2.0
충남,당진시,당진문화원,충청남도 당진시 남산공원길 151-16,835,"15,000",36.8941072,126.6358788,12638.0,14566.0,5315.0,5686.0,5402.0,8451.0,9713.0,8007.0,5444.0,2543.0,1204.0,11.0,13.0,1.0,0.0,1.0,2.0,4.0
충남,보령시,보령문화원,충청남도 보령시 대흥로 63,848,"50,000",36.3505577,126.590544,4887.0,5103.0,1066.0,1600.0,1769.0,1858.0,2766.0,3669.0,3549.0,2212.0,1354.0,215.0,7.0,0.0,1.0,0.0,1.0,2.0
충남,부여군,부여문화원,충청남도 부여군 부여읍 의열로 43,"1,463","9,400",36.2791441,126.9172494,4619.0,4234.0,461.0,1129.0,2347.0,1280.0,1762.0,2704.0,3576.0,2214.0,1166.0,105.0,0.0,1.0,3.0,1.0,2.0,7.0
충남,서산시,서산문화원,충청남도 서산시 부춘공원 2로 11,"1,738","40,046",36.7867282,126.4489674,9181.0,10035.0,3299.0,3989.0,5755.0,5415.0,6838.0,6946.0,5106.0,2639.0,1280.0,108.0,6.0,1.0,0.0,1.0,1.0,3.0
충남,서천군,서천문화원,충청남도 서천군 서천읍 화금서길 29-18,,"8,000",36.0825251,126.7000674,2067.0,2037.0,371.0,389.0,405.0,413.0,701.0,936.0,1003.0,635.0,232.0,11.0,3.0,1.0,0.0,1.0,1.0,3.0
충남,예산군,예산문화원,충청남도 예산군 예산읍 천변로 90번길 3,"2,579","300,000",36.676985,126.8397491,3804.0,3818.0,506.0,925.0,987.0,945.0,1876.0,2040.0,2779.0,1644.0,890.0,44.0,11.0,1.0,0.0,0.0,2.0,3.0
충남,아산시,온양문화원,충청남도 아산시 남산로 28,824,"250,000",36.7813645,126.9966029,10224.0,10304.0,2449.0,7010.0,8428.0,4521.0,6936.0,7210.0,5707.0,2934.0,1554.0,169.0,11.0,0.0,0.0,1.0,2.0,3.0
충남,천안시,천안시동남구문화원,충청남도 천안시 동남구 병천면 아우내순대길 29,488,"12,000",36.7606368,127.298089,568.0,593.0,35.0,102.0,226.0,191.0,346.0,701.0,1265.0,705.0,398.0,33.0,17.0,1.0,0.0,0.0,1.0,2.0
충남,천안시,천안시서북구문화원,충청남도 천안시 서북구 성환읍 성환3로 7-11,276,"12,000",36.9157454,127.1287566,3346.0,3472.0,660.0,835.0,1588.0,1488.0,1735.0,2475.0,2313.0,1134.0,600.0,28.0,16.0,0.0,0.0,1.0,1.0,2.0
충남,청양군,청양문화원,충청남도 청양군 청양읍 중앙로 129,913,"62,500",36.4511838,126.8027259,2900.0,2848.0,180.0,278.0,366.0,503.0,806.0,1872.0,3259.0,2659.0,2014.0,321.0,13.0,1.0,0.0,1.0,1.0,3.0
충남,태안군,태안문화원,충청남도 태안군 태안읍 백화로 192,"3,421","20,500",36.7551346,126.3111873,4711.0,4501.0,744.0,1123.0,1234.0,1431.0,2322.0,2982.0,3839.0,2657.0,1492.0,166.0,4.0,1.0,0.0,1.0,1.0,3.0
충남,홍성군,홍성문화원,충청남도 홍성군 홍성읍 충절로 951번길 16,"2,518","80,000",36.5924367,126.6744165,6932.0,6476.0,969.0,3294.0,4493.0,1821.0,3405.0,4251.0,4499.0,2501.0,1723.0,230.0,3.0,0.0,1.0,1.0,1.0,3.0
충북,괴산군,괴산문화원,충청북도 괴산군 괴산읍 읍내로 266 괴산문화예술회관,"1,542","32,000",36.8068274,127.7937489,2453.0,2464.0,783.0,1016.0,1007.0,1251.0,1824.0,1937.0,1079.0,314.0,131.0,0.0,11.0,1.0,0.0,1.0,2.0,4.0
충북,단양군,단양문화원,충청북도 단양군 단양읍 중앙1로 32,120,700,36.9856504,128.3681905,2101.0,2091.0,266.0,457.0,523.0,488.0,735.0,1431.0,1594.0,915.0,510.0,36.0,12.0,1.0,0.0,1.0,1.0,3.0
충북,보은군,보은문화원,충청북도 보은군 보은읍 뱃들로 54,"1,457","48,000",36.4869141,127.7237635,3323.0,3291.0,1044.0,1347.0,1845.0,1832.0,2153.0,2357.0,1991.0,591.0,233.0,11.0,13.0,2.0,1.0,1.0,1.0,5.0
충북,영동군,영동문화원,충청북도 영동군 영동읍 영동천 2길 29,446,"20,000",36.1725627,127.7774033,5978.0,5693.0,834.0,1476.0,1549.0,1485.0,2327.0,4085.0,5234.0,3428.0,2291.0,206.0,15.0,2.0,1.0,0.0,2.0,5.0
충북,옥천군,옥천문화원,충청북도 옥천군 옥천읍 관성로 35,"2,669","120,000",36.3018351,127.5731168,7626.0,7444.0,1258.0,2379.0,2567.0,2085.0,3956.0,5176.0,5710.0,3563.0,2140.0,281.0,8.0,2.0,0.0,1.0,1.0,4.0
충북,음성군,음성문화원,충청북도 음성군 음성읍 수정로 38,462,"112,308",36.9341615,127.6908052,4088.0,4127.0,500.0,718.0,1073.0,1178.0,1752.0,3350.0,4992.0,3082.0,1740.0,120.0,8.0,1.0,0.0,0.0,2.0,3.0
충북,제천시,제천문화원,충청북도 제천시 의림대로 125(시민회관 3층),"1,407",3000,37.139636,128.2106426,10785.0,10676.0,3220.0,4582.0,4782.0,5486.0,7282.0,8526.0,7507.0,3715.0,1826.0,80.0,18.0,2.0,0.0,0.0,2.0,4.0
충북,증평군,증평문화원,충청북도 증평군 증평읍 문화로 75,356,"260,000",36.7864794,127.590161,7556.0,7650.0,2121.0,2472.0,3082.0,3587.0,4291.0,4578.0,4489.0,2230.0,981.0,39.0,12.0,1.0,0.0,0.0,2.0,3.0
충북,진천군,진천문화원,충청북도 진천군 진천읍 문화로 79,729,"200,000",36.8496566,127.4401326,5293.0,5452.0,884.0,1647.0,2285.0,1814.0,2765.0,3738.0,3548.0,2197.0,1222.0,97.0,1.0,2.0,0.0,1.0,1.0,4.0
충북,청주시,청주문화원,"충청북도 청주시 상당구 단재로 361, 청주시문화체육회관",920,"40,000",36.5985786,127.5058066,7570.0,7478.0,2694.0,3436.0,3680.0,3711.0,5247.0,5987.0,3758.0,1131.0,327.0,0.0,11.0,0.0,0.0,0.0,1.0,1.0
충북,충주시,충주문화원,충청북도 충주시 탄금대안길 33(칠금동),439,"45,000",36.9879176,127.8992628,226.0,247.0,99.0,140.0,216.0,261.0,277.0,204.0,120.0,40.0,21.0,0.0,5.0,0.0,0.0,0.0,1.0,1.0
충청남도,공주시,강북생활 문화센터,충청남도 공주시 월송동현로 51,1691.46,"1,200",36.4711324,127.1548873,8098.0,7546.0,1343.0,2184.0,4533.0,2976.0,3505.0,3992.0,3717.0,2035.0,1211.0,125.0,7.0,1.0,0.0,0.0,1.0,2.0
충청남도,금산군,금산어깨동무생활문화센터,충청남도 금산군 금산읍 방아동4길 17,412.72,"21,704",36.0979174,127.4911255,3908.0,3656.0,908.0,1995.0,1135.0,1246.0,2568.0,2669.0,1658.0,1174.0,770.0,108.0,9.0,1.0,0.0,0.0,2.0,3.0
충청남도,당진시,당진생활문화센터,충청남도 당진시 남산공원길 151-16,,"8,990",36.8941072,126.6358788,12638.0,14566.0,5315.0,5686.0,5402.0,8451.0,9713.0,8007.0,5444.0,2543.0,1204.0,11.0,11.0,1.0,0.0,1.0,2.0,4.0
충청남도,아산시,마음생활문화센터,충청남도 아산시 배방읍 모산로 132-11,288,"3,604",36.773981,127.0573207,15399.0,16041.0,5692.0,7318.0,10577.0,12403.0,11618.0,7879.0,4893.0,2171.0,855.0,63.0,14.0,1.0,0.0,1.0,1.0,3.0
충청남도,부여군,부여 생활문화센터,충청남도 부여군 부여읍 의열로 43,492,833,36.2791441,126.9172494,4619.0,4234.0,461.0,1129.0,2347.0,1280.0,1762.0,2704.0,3576.0,2214.0,1166.0,105.0,0.0,1.0,3.0,1.0,2.0,7.0
충청남도,서산시,서산생활문화센터,"충청남도 서산시 호수공원 1로 22, 서산고용복지플러스센터 6층",264,"8,320",36.7717945,126.4524031,18252.0,19303.0,6862.0,9077.0,9072.0,10244.0,13622.0,11992.0,8064.0,3526.0,2136.0,208.0,4.0,0.0,0.0,0.0,1.0,1.0
충청남도,서천군,서천군기벌포생활문화센터,충청남도 서천군 장항읍 장항로145번길 30,419,"12,152",36.0131355,126.6941816,3177.0,3019.0,251.0,640.0,680.0,623.0,1265.0,2134.0,3709.0,2535.0,2108.0,156.0,6.0,1.0,0.0,0.0,1.0,2.0
충청남도,예산군,예산문화원생활문화센터,충청남도 예산군 예산읍 천변로90번길3,671.9,"10,400",36.676985,126.8397491,3804.0,3818.0,506.0,925.0,987.0,945.0,1876.0,2040.0,2779.0,1644.0,890.0,44.0,9.0,1.0,0.0,0.0,2.0,3.0
충청남도,아산시,온(溫)생활문화센터,"충청남도 아산시 배방읍 북수동로 43, 2~3층",598.4,"6,766",36.7748565,127.0747208,5295.0,6789.0,1144.0,1507.0,2610.0,3779.0,3298.0,3603.0,3977.0,2466.0,1211.0,123.0,12.0,0.0,0.0,0.0,1.0,1.0
충청남도,아산시,온양문화원 생활문화센터,충청남도 아산시 남산로 28,635.1,"22,889",36.7813645,126.9966029,10224.0,10304.0,2449.0,7010.0,8428.0,4521.0,6936.0,7210.0,5707.0,2934.0,1554.0,169.0,9.0,0.0,0.0,1.0,2.0,3.0
충청남도,보령시,웅천 생활문화센터,충청남도 보령시 웅천읍 장터중앙길 88,838,"1,000",36.2317687,126.601368,614.0,599.0,190.0,272.0,198.0,195.0,392.0,464.0,249.0,72.0,14.0,0.0,14.0,1.0,0.0,0.0,1.0,2.0
충청남도,태안군,태안생활문화센터,충청남도 태안군 태안읍 남산1길 85,,"2,805",36.7377337,126.3011848,561.0,775.0,99.0,189.0,222.0,119.0,337.0,497.0,489.0,369.0,332.0,12.0,1.0,0.0,0.0,0.0,1.0,1.0
충청북도,괴산군,괴산생활문화센터,충청북도 괴산군 괴산읍 읍내로 262,551,"14,000",36.8068274,127.7937489,2453.0,2464.0,783.0,1016.0,1007.0,1251.0,1824.0,1937.0,1079.0,314.0,131.0,0.0,9.0,1.0,0.0,1.0,2.0,4.0
충청북도,단양군,매포생활문화센터,충청북도 단양군 매포읍 평동리 161번지,920,1,37.0330564,128.3042597,1295.0,1326.0,324.0,402.0,365.0,541.0,751.0,1113.0,1180.0,589.0,387.0,33.0,8.0,1.0,0.0,0.0,1.0,2.0
충청북도,음성군,음성 생활문화센터,충청북도 음성군 음성읍 설성공원길 10-7,636.69,"2,808",36.9313097,127.6918067,3794.0,3864.0,439.0,637.0,1025.0,1075.0,1552.0,3203.0,4857.0,2982.0,1692.0,120.0,10.0,1.0,0.0,0.0,2.0,3.0
충청북도,청주시,청주 생활문화센터,충청북도 청주시 청원구 상당로 314 동부창고 36동,996,"12,171",36.655975,127.4902475,14690.0,14967.0,1918.0,3652.0,7724.0,5365.0,6954.0,8242.0,9193.0,5336.0,3165.0,255.0,7.0,1.0,3.0,0.0,1.0,5.0
충청북도,충주시,충주생활문화센터,충청북도 충주시 교동1길 15-5(교현동),250.9,"17,506",36.9743766,127.9355446,15340.0,14914.0,4675.0,6430.0,6210.0,7069.0,10085.0,10527.0,9297.0,4368.0,2422.0,105.0,11.0,1.0,1.0,1.0,1.0,4.0
충청북도,제천시,하소생활문화센터 산책,충청북도 제천시 용두대로15길 18-13,2719.3,"100,300",37.1397987,128.1997124,10527.0,10076.0,2867.0,4187.0,3897.0,4063.0,6435.0,7932.0,6521.0,2974.0,1203.0,44.0,10.0,0.0,0.0,0.0,1.0,1.0
태백시,,태백문화의집,강원도 태백시 태백로 1813,393.4,1440,37.10696868,129.0039306,1088.0,1033.0,335.0,604.0,297.0,406.0,958.0,881.0,868.0,380.0,169.0,0.0,11.0,0.0,0.0,0.0,1.0,1.0
포항시,,기계문화의집,경상북도 포항시 북구 기계면 기계로 94,1491,2000,36.07057707,129.2064227,226.0,197.0,212.0,102.0,31.0,124.0,144.0,98.0,74.0,0.0,0.0,0.0,5.0,0.0,0.0,0.0,1.0,1.0
포항시,,동해문화의집,경상북도 포항시 남구 동해면 일월로 41번길 21,640,3730,35.99097762,129.4382571,1674.0,1594.0,997.0,1012.0,590.0,1337.0,1748.0,1438.0,693.0,193.0,11.0,0.0,5.0,1.0,0.0,0.0,1.0,2.0
화성시,,봉담문화의집,경기도 화성시 봉담읍 샘마을1길 7,385,4000,37.22022842,126.9502672,15146.0,15000.0,5197.0,7013.0,8046.0,9660.0,11207.0,9637.0,6692.0,3558.0,1115.0,151.0,29.0,1.0,0.0,0.0,1.0,2.0
화성시,,향남문화의집,경기도 화성시 향남읍 발안로 89,,1400,37.13243126,126.9203327,14920.0,15212.0,5957.0,10026.0,6299.0,7769.0,13648.0,9467.0,5364.0,1945.0,597.0,16.0,24.0,2.0,1.0,0.0,2.0,5.0