size,user,Population_woman,Population_man,under10,10대,20대,30대,40대,50대,60대,70대,80대,90대,transit_count,도서시설,전시시설,공연시설,지역문화활동시설,total
327,16678,13096.0,12469.0,2987.0,5157.0,5746.0,4966.0,8109.0,9451.0,7558.0,4159.0,2159.0,122.0,9.0,1.0,1.0,0.0,1.0,3.0
692.5,50,4061.0,3806.0,1224.0,1583.0,1748.0,1917.0,2623.0,3133.0,3073.0,1686.0,916.0,183.0,10.0,1.0,0.0,0.0,1.0,2.0
"2,157","300,000",11644.0,11057.0,2005.0,4759.0,9232.0,4317.0,6374.0,6633.0,6558.0,4023.0,2338.0,299.0,9.0,0.0,0.0,0.0,1.0,1.0
672,"9,500",1364.0,1554.0,368.0,210.0,402.0,561.0,400.0,749.0,1333.0,703.0,353.0,45.0,9.0,1.0,0.0,1.0,2.0,4.0
"1,666","45,000",8644.0,8420.0,2094.0,2645.0,2916.0,3203.0,4805.0,5381.0,5420.0,2464.0,1155.0,79.0,5.0,0.0,0.0,1.0,2.0,3.0
980,"114,000",4340.0,4202.0,265.0,565.0,1058.0,942.0,1823.0,2855.0,3901.0,2625.0,1754.0,259.0,12.0,1.0,1.0,1.0,1.0,4.0
185,"34,000",3451.0,3501.0,377.0,633.0,848.0,977.0,1681.0,2686.0,3633.0,2330.0,1183.0,49.0,13.0,1.0,0.0,1.0,1.0,3.0
103,"18,500",2198.0,2179.0,642.0,507.0,797.0,848.0,897.0,1356.0,1467.0,688.0,472.0,42.0,5.0,1.0,0.0,2.0,1.0,4.0
"1,454","17,297",4106.0,4210.0,745.0,884.0,1262.0,1477.0,2181.0,2921.0,3340.0,1937.0,1125.0,57.0,7.0,1.0,0.0,0.0,1.0,2.0
273,"19,350",3509.0,3641.0,280.0,620.0,697.0,807.0,1252.0,2871.0,4698.0,2596.0,1538.0,81.0,14.0,0.0,2.0,1.0,1.0,4.0
"4,296","128,869",16303.0,15181.0,2886.0,5502.0,7492.0,6434.0,9092.0,11923.0,11195.0,4665.0,2774.0,199.0,12.0,0.0,0.0,1.0,1.0,2.0
"2,943","17,500",2320.0,2444.0,300.0,310.0,941.0,612.0,711.0,1641.0,2064.0,1228.0,863.0,51.0,9.0,1.0,2.0,0.0,1.0,4.0
650,"9,000",2401.0,2357.0,504.0,692.0,768.0,883.0,1464.0,1870.0,2123.0,1367.0,755.0,48.0,8.0,1.0,0.0,0.0,1.0,2.0
783,"18,000",2664.0,2757.0,767.0,750.0,896.0,1241.0,1278.0,1903.0,2053.0,827.0,554.0,6.0,0.0,1.0,0.0,0.0,1.0,2.0
"1,671","90,000",18284.0,16920.0,5460.0,9296.0,8136.0,8007.0,12792.0,12919.0,9827.0,4242.0,2170.0,124.0,15.0,0.0,0.0,0.0,1.0,1.0
"1,052","1,000",2618.0,2638.0,0.0,0.0,34.0,53.0,14.0,186.0,223.0,61.0,44.0,12.0,6.0,1.0,0.0,0.0,0.0,1.0
,"10,000",1120.0,1104.0,67.0,101.0,153.0,154.0,340.0,813.0,1359.0,871.0,443.0,31.0,4.0,1.0,0.0,1.0,1.0,3.0
778,"5,000",5922.0,5741.0,2082.0,2222.0,2953.0,3037.0,3932.0,4319.0,3570.0,1629.0,691.0,34.0,4.0,1.0,1.0,2.0,1.0,5.0
"1,703","15,000",500.0,542.0,98.0,136.0,186.0,114.0,220.0,224.0,391.0,181.0,77.0,0.0,1.0,0.0,0.0,0.0,2.0,2.0
"2,253","10,000",3186.0,3202.0,314.0,779.0,814.0,804.0,1135.0,2144.0,2736.0,1454.0,838.0,58.0,2.0,2.0,0.0,1.0,1.0,4.0
4840.11,,888.0,1097.0,92.0,128.0,146.0,141.0,309.0,505.0,581.0,266.0,111.0,0.0,6.0,0.0,0.0,0.0,1.0,1.0
,"3,018",184.0,246.0,30.0,58.0,23.0,75.0,137.0,172.0,143.0,81.0,28.0,0.0,6.0,0.0,0.0,0.0,1.0,1.0
705.23,"4,500",0.0,0.0,0.0,0.0,0.0,0.0,0.0,0.0,0.0,0.0,0.0,0.0,2.0,0.0,0.0,0.0,1.0,1.0
,"2,000",2439.0,2447.0,596.0,777.0,755.0,904.0,1226.0,2043.0,2202.0,987.0,565.0,5.0,7.0,0.0,0.0,0.0,1.0,1.0
875.6,660,244.0,242.0,220.0,238.0,134.0,204.0,270.0,180.0,147.0,54.0,13.0,0.0,6.0,0.0,0.0,0.0,1.0,1.0
717.7,"20,000",10911.0,10693.0,2352.0,2879.0,3377.0,3637.0,5229.0,6352.0,5779.0,2733.0,1076.0,92.0,5.0,0.0,0.0,1.0,2.0,3.0
399.2,300,247.0,250.0,439.0,307.0,92.0,226.0,420.0,72.0,0.0,0.0,0.0,0.0,3.0,0.0,1.0,0.0,1.0,2.0
208.24,300,348.0,340.0,60.0,86.0,41.0,79.0,197.0,137.0,154.0,48.0,12.0,0.0,7.0,0.0,0.0,0.0,1.0,1.0
428.51,,0.0,0.0,0.0,0.0,0.0,0.0,0.0,0.0,0.0,0.0,0.0,0.0,5.0,0.0,0.0,0.0,1.0,1.0
223.7,"12,581",16158.0,16672.0,3423.0,8678.0,17204.0,8209.0,8956.0,10089.0,8676.0,4395.0,2381.0,43.0,14.0,1.0,0.0,2.0,1.0,4.0
977,"2,349",9552.0,9035.0,1845.0,3134.0,4633.0,4018.0,5510.0,6638.0,6740.0,3440.0,2057.0,173.0,8.0,0.0,0.0,0.0,1.0,1.0
512.45,450,280.0,304.0,17.0,146.0,36.0,31.0,110.0,211.0,290.0,198.0,147.0,15.0,6.0,0.0,0.0,0.0,1.0,1.0
527,"17,654",10196.0,9884.0,2641.0,3806.0,4409.0,4031.0,6168.0,6424.0,5790.0,3790.0,1678.0,158.0,13.0,0.0,1.0,3.0,1.0,5.0
757.2,"1,300",1591.0,1569.0,311.0,492.0,502.0,484.0,966.0,1246.0,1338.0,873.0,472.0,37.0,4.0,0.0,1.0,1.0,1.0,3.0
514.8,241,11908.0,11789.0,5287.0,5795.0,4359.0,7103.0,9722.0,7733.0,4696.0,1716.0,808.0,38.0,12.0,0.0,0.0,0.0,1.0,1.0
,500,179.0,232.0,15.0,39.0,42.0,61.0,94.0,214.0,456.0,252.0,223.0,36.0,8.0,0.0,0.0,0.0,1.0,1.0
1847.6,"5,189",627.0,618.0,163.0,262.0,276.0,347.0,333.0,502.0,662.0,322.0,244.0,42.0,1.0,0.0,0.0,1.0,1.0,2.0
"2,939","4,000",500.0,542.0,98.0,136.0,186.0,114.0,220.0,224.0,391.0,181.0,77.0,0.0,1.0,0.0,0.0,0.0,2.0,2.0
484,"1,300",3014.0,3019.0,453.0,687.0,1187.0,990.0,1292.0,2031.0,2544.0,1407.0,560.0,31.0,7.0,1.0,0.0,1.0,1.0,3.0
"2,314","3,600",27719.0,25049.0,5469.0,9836.0,12101.0,12275.0,16538.0,18219.0,11579.0,5050.0,3586.0,145.0,10.0,1.0,0.0,0.0,1.0,2.0
"4,293","50,000",18466.0,17461.0,7490.0,7904.0,8880.0,11906.0,12661.0,14177.0,11056.0,4512.0,2039.0,119.0,8.0,2.0,1.0,0.0,1.0,4.0
"2,339","71,386",40556.0,38305.0,11621.0,16422.0,16582.0,21125.0,28424.0,26648.0,20373.0,8544.0,3076.0,122.0,14.0,1.0,0.0,1.0,2.0,4.0
"1,562","5,000",14495.0,14781.0,4804.0,5601.0,7781.0,8688.0,10818.0,11261.0,9459.0,4055.0,1213.0,31.0,10.0,2.0,0.0,0.0,1.0,3.0
,"15,000",25800.0,24187.0,6930.0,9494.0,12474.0,13595.0,16817.0,19963.0,13947.0,5848.0,2384.0,70.0,17.0,0.0,0.0,1.0,1.0,2.0
"3,660","45,474",12281.0,12570.0,3910.0,5856.0,7542.0,7008.0,9545.0,9981.0,6393.0,2096.0,944.0,118.0,22.0,0.0,0.0,0.0,1.0,1.0
324,"8,000",8038.0,7683.0,3480.0,2593.0,2143.0,4462.0,5863.0,3624.0,2235.0,1157.0,333.0,0.0,8.0,0.0,0.0,0.0,1.0,1.0
,"4,125",5209.0,5295.0,956.0,1520.0,2210.0,2462.0,2889.0,3708.0,3608.0,1546.0,758.0,16.0,9.0,0.0,0.0,0.0,1.0,1.0
160,"12,000",5779.0,5751.0,1294.0,2167.0,2620.0,2068.0,3191.0,3947.0,4347.0,2369.0,1264.0,37.0,11.0,1.0,0.0,1.0,1.0,3.0
"1,530","86,733",37143.0,35708.0,6304.0,9844.0,16108.0,17270.0,19526.0,23623.0,21937.0,9814.0,3617.0,171.0,19.0,1.0,0.0,1.0,1.0,3.0
"1,191","18,728",40588.0,42701.0,8340.0,11491.0,22224.0,24015.0,26210.0,28633.0,26343.0,13348.0,4443.0,39.0,20.0,2.0,0.0,0.0,2.0,4.0
"3,312","50,000",15466.0,16674.0,6545.0,5125.0,12675.0,16865.0,12743.0,13848.0,11554.0,5506.0,2023.0,60.0,4.0,1.0,1.0,1.0,2.0,5.0
519,"10,000",6769.0,7009.0,1217.0,2461.0,3383.0,2652.0,4220.0,5817.0,3498.0,1459.0,1052.0,97.0,9.0,0.0,0.0,0.0,1.0,1.0
"1,993","38,200",19556.0,21743.0,3669.0,6132.0,13126.0,11018.0,12054.0,15889.0,9506.0,3643.0,2333.0,297.0,12.0,0.0,1.0,0.0,1.0,2.0
531,"1,800",2040.0,1918.0,218.0,534.0,600.0,596.0,794.0,1310.0,1589.0,786.0,533.0,43.0,10.0,1.0,0.0,0.0,1.0,2.0
"2,681","14,000",29949.0,29767.0,5076.0,6154.0,12423.0,14690.0,13442.0,15709.0,14655.0,6910.0,3137.0,234.0,20.0,1.0,0.0,1.0,1.0,3.0
770,"1,412",3160.0,3574.0,710.0,1008.0,1431.0,1432.0,1561.0,2313.0,2359.0,1106.0,541.0,42.0,20.0,1.0,0.0,0.0,1.0,2.0
"1,687","3,000",4591.0,4339.0,1189.0,1794.0,1813.0,1955.0,2593.0,3241.0,3003.0,1434.0,704.0,38.0,8.0,0.0,1.0,0.0,1.0,2.0
331,300,2072.0,2004.0,737.0,1392.0,932.0,1031.0,1843.0,1759.0,998.0,309.0,145.0,0.0,12.0,1.0,2.0,0.0,1.0,4.0
529,180,923.0,969.0,475.0,406.0,401.0,569.0,772.0,511.0,492.0,252.0,179.0,0.0,13.0,1.0,0.0,1.0,1.0,3.0
180,"8,000",15480.0,16701.0,5829.0,7546.0,10082.0,11861.0,13930.0,12113.0,7863.0,3394.0,1347.0,87.0,23.0,1.0,0.0,0.0,1.0,2.0
,"30,000",5855.0,5596.0,2819.0,2528.0,4057.0,3764.0,3954.0,3220.0,2095.0,803.0,184.0,0.0,19.0,0.0,0.0,1.0,1.0,2.0
"1,651","10,000",9187.0,9070.0,2213.0,3497.0,3992.0,4596.0,5801.0,6702.0,6430.0,2651.0,1142.0,84.0,11.0,0.0,0.0,1.0,2.0,3.0
"2,036","42,160",14807.0,13858.0,3916.0,5540.0,7169.0,6505.0,9036.0,11626.0,8076.0,3537.0,1495.0,58.0,10.0,0.0,0.0,0.0,1.0,1.0
809,"21,792",11810.0,12257.0,2048.0,3014.0,6345.0,6223.0,5764.0,7201.0,7775.0,3572.0,1624.0,75.0,18.0,1.0,0.0,0.0,1.0,2.0
486,"40,000",23788.0,21923.0,12985.0,14316.0,10210.0,16480.0,23039.0,18612.0,10958.0,5170.0,2145.0,37.0,10.0,1.0,0.0,1.0,1.0,3.0
249,"1,000",20748.0,20319.0,6980.0,8359.0,10531.0,12309.0,14152.0,14427.0,10069.0,4511.0,2223.0,49.0,28.0,0.0,0.0,1.0,1.0,2.0
"1,686","4,200",6731.0,6718.0,1231.0,2299.0,3390.0,2638.0,3474.0,5416.0,5616.0,2523.0,1368.0,65.0,12.0,1.0,1.0,0.0,1.0,3.0
"1,080","24,554",30533.0,30536.0,7537.0,7660.0,12289.0,17150.0,17536.0,19732.0,19161.0,9358.0,3175.0,212.0,31.0,0.0,1.0,1.0,2.0,4.0
548,"4,032",14706.0,14971.0,5799.0,9888.0,6189.0,7549.0,13405.0,9347.0,5292.0,1912.0,597.0,16.0,23.0,2.0,1.0,0.0,2.0,5.0
2329.7,"29,575",10649.0,10948.0,2481.0,3273.0,6504.0,6826.0,6860.0,7907.0,6250.0,3090.0,859.0,5.0,3.0,0.0,0.0,0.0,1.0,1.0
,"14,578",17798.0,16685.0,3458.0,5454.0,7922.0,7740.0,10102.0,12110.0,7934.0,3147.0,1657.0,79.0,11.0,2.0,1.0,1.0,1.0,5.0
,"9,650",18597.0,17379.0,3398.0,6170.0,9880.0,9141.0,10974.0,14983.0,11281.0,5255.0,2932.0,83.0,9.0,0.0,0.0,1.0,1.0,2.0
,"2,128",11859.0,11294.0,2055.0,3048.0,5217.0,4996.0,6265.0,7595.0,4435.0,1741.0,1095.0,108.0,4.0,0.0,0.0,0.0,1.0,1.0
483.4,"32,855",1307.0,1437.0,96.0,216.0,462.0,367.0,671.0,1124.0,966.0,546.0,362.0,84.0,9.0,1.0,0.0,0.0,1.0,2.0
,"27,378",18569.0,17299.0,0.0,0.0,0.0,0.0,0.0,0.0,0.0,0.0,0.0,0.0,11.0,1.0,0.0,0.0,1.0,2.0
1051.8,"3,761",8225.0,8171.0,4333.0,3481.0,3196.0,6862.0,6853.0,4087.0,2796.0,882.0,167.0,0.0,9.0,1.0,0.0,0.0,1.0,2.0
230,"1,200",18433.0,17161.0,4499.0,6122.0,7478.0,7485.0,9851.0,11469.0,10246.0,5757.0,3282.0,205.0,22.0,0.0,0.0,0.0,1.0,1.0
341.8,"10,021",16018.0,15219.0,5078.0,7674.0,6496.0,6606.0,12007.0,10460.0,6257.0,4452.0,1919.0,105.0,14.0,0.0,0.0,0.0,1.0,1.0
174.8,,26118.0,26010.0,8092.0,8553.0,11353.0,16016.0,17641.0,18693.0,18173.0,8854.0,2658.0,195.0,20.0,1.0,0.0,1.0,2.0,4.0
3747.7,"6,562",15435.0,15394.0,10656.0,5585.0,5417.0,15889.0,12179.0,5877.0,3717.0,796.0,81.0,20.0,13.0,1.0,0.0,0.0,2.0,3.0
777.1,"27,055",22377.0,20906.0,6276.0,10725.0,11840.0,13543.0,17258.0,16780.0,9974.0,4569.0,2067.0,91.0,26.0,1.0,0.0,1.0,2.0,4.0
805,"14,678",37542.0,35286.0,9119.0,10572.0,18934.0,22613.0,21665.0,27549.0,26801.0,12270.0,4151.0,257.0,18.0,1.0,0.0,0.0,1.0,2.0
3187.27,"9,365",15466.0,16674.0,6545.0,5125.0,12675.0,16865.0,12743.0,13848.0,11554.0,5506.0,2023.0,60.0,3.0,1.0,1.0,1.0,2.0,5.0
2290.8,"40,632",152.0,166.0,202.0,282.0,181.0,234.0,348.0,352.0,268.0,105.0,29.0,0.0,4.0,0.0,1.0,0.0,1.0,2.0
572,"20,096",24801.0,24522.0,4838.0,8013.0,12945.0,11979.0,14787.0,19342.0,16132.0,6134.0,2334.0,69.0,13.0,2.0,0.0,1.0,1.0,4.0
,"2,838",482.0,515.0,92.0,114.0,124.0,164.0,278.0,495.0,728.0,288.0,189.0,14.0,8.0,0.0,0.0,0.0,1.0,1.0
885,"201,535",18638.0,17977.0,7040.0,8430.0,8147.0,10894.0,13532.0,12627.0,8198.0,3948.0,2055.0,200.0,12.0,1.0,0.0,0.0,1.0,2.0
1194.3,"1,092",278.0,319.0,36.0,65.0,105.0,102.0,161.0,179.0,320.0,169.0,61.0,5.0,7.0,0.0,0.0,0.0,1.0,1.0
924.4,"4,396",17736.0,17813.0,10438.0,6220.0,4889.0,14378.0,12689.0,6457.0,3815.0,684.0,31.0,0.0,25.0,1.0,0.0,0.0,2.0,3.0
1471,"2,872",221.0,476.0,10.0,35.0,35.0,56.0,97.0,96.0,264.0,141.0,137.0,32.0,5.0,0.0,0.0,0.0,1.0,1.0
1396.8,"3,210",4277.0,4575.0,1555.0,2776.0,1561.0,1513.0,3789.0,2569.0,1345.0,563.0,285.0,5.0,3.0,0.0,0.0,0.0,1.0,1.0
936,"4,939",5183.0,5145.0,2228.0,2485.0,1930.0,2650.0,4140.0,2876.0,1986.0,1146.0,303.0,12.0,0.0,0.0,0.0,0.0,1.0,1.0
"1,411","5,000",2026.0,2458.0,1274.0,866.0,583.0,1615.0,1756.0,2022.0,1544.0,733.0,354.0,34.0,12.0,1.0,0.0,1.0,1.0,3.0
"2,579","7,000",2121.0,2087.0,162.0,362.0,337.0,411.0,678.0,1013.0,1281.0,869.0,600.0,39.0,5.0,0.0,1.0,2.0,1.0,4.0
"1,347","8,700",4628.0,4582.0,263.0,675.0,849.0,822.0,1671.0,3208.0,4765.0,2816.0,1618.0,158.0,2.0,0.0,1.0,1.0,2.0,4.0
"1,460","45,000",23878.0,22362.0,4745.0,6805.0,10206.0,10028.0,12047.0,18336.0,13286.0,4919.0,1881.0,104.0,24.0,1.0,4.0,1.0,1.0,7.0
163,"5,800",2504.0,2536.0,100.0,371.0,300.0,314.0,599.0,1291.0,2059.0,1461.0,1326.0,137.0,2.0,0.0,0.0,1.0,1.0,2.0
"1,475","22,000",16768.0,15437.0,2398.0,3854.0,6014.0,5911.0,7961.0,9399.0,11109.0,6056.0,2237.0,46.0,16.0,,,,,
"1,509","32,000",7836.0,7546.0,1003.0,1998.0,2175.0,2302.0,3434.0,5852.0,7340.0,4432.0,2152.0,112.0,14.0,0.0,0.0,0.0,1.0,1.0
"6,072","15,000",10537.0,10130.0,979.0,1786.0,2027.0,2200.0,4136.0,6680.0,8737.0,6324.0,3676.0,332.0,17.0,0.0,0.0,0.0,1.0,1.0
362,"15,000",1856.0,1699.0,51.0,189.0,220.0,275.0,475.0,1000.0,1440.0,1136.0,893.0,156.0,5.0,1.0,1.0,1.0,1.0,4.0
"1,368","7,000",7425.0,8120.0,1210.0,1789.0,2646.0,2694.0,3675.0,6581.0,6896.0,3255.0,1692.0,208.0,13.0,0.0,1.0,0.0,1.0,2.0
998,"40,000",1537.0,1449.0,678.0,441.0,629.0,1001.0,1208.0,1145.0,761.0,241.0,40.0,0.0,7.0,0.0,1.0,0.0,1.0,2.0
"1,404","30,000",12919.0,12092.0,3642.0,5231.0,7602.0,6230.0,8057.0,9446.0,6729.0,3596.0,1409.0,26.0,13.0,0.0,1.0,0.0,1.0,2.0
504,"25,000",9102.0,9129.0,2152.0,4750.0,3483.0,4208.0,7918.0,6635.0,4808.0,2440.0,533.0,10.0,25.0,1.0,1.0,0.0,1.0,3.0
993,"35,280",4811.0,4633.0,388.0,549.0,935.0,1072.0,1501.0,3111.0,4690.0,3118.0,2376.0,208.0,9.0,1.0,1.0,0.0,1.0,3.0
"1,016","30,000",13964.0,14245.0,2854.0,5181.0,8410.0,7569.0,9394.0,13680.0,10946.0,3755.0,837.0,0.0,3.0,1.0,1.0,1.0,1.0,4.0
,"5,565",8288.0,7918.0,1293.0,2151.0,1439.0,2189.0,4056.0,5138.0,6079.0,3808.0,1681.0,98.0,8.0,0.0,1.0,0.0,1.0,2.0
144,"3,800",1668.0,1590.0,66.0,167.0,180.0,228.0,491.0,1179.0,1331.0,1105.0,746.0,72.0,3.0,0.0,0.0,1.0,1.0,2.0
"1,565","21,000",3433.0,3318.0,282.0,344.0,475.0,633.0,985.0,1944.0,2961.0,1653.0,1362.0,181.0,2.0,1.0,0.0,2.0,1.0,4.0
"1,065","5,000",4953.0,4733.0,272.0,687.0,664.0,829.0,1624.0,4034.0,5361.0,3654.0,2906.0,255.0,7.0,1.0,1.0,1.0,1.0,4.0
996,"5,000",2581.0,2433.0,190.0,704.0,1263.0,539.0,906.0,1656.0,2538.0,1775.0,1449.0,254.0,1.0,1.0,0.0,1.0,1.0,3.0
985,"15,849",16914.0,15002.0,3272.0,4958.0,7163.0,6851.0,9288.0,11468.0,11139.0,5615.0,2728.0,128.0,9.0,1.0,0.0,0.0,2.0,3.0
"1,084","70,000",8997.0,8374.0,1219.0,2281.0,3469.0,2859.0,4013.0,6610.0,7054.0,4113.0,2339.0,209.0,8.0,1.0,0.0,1.0,1.0,3.0
733,"20,000",1278.0,1255.0,108.0,690.0,173.0,240.0,360.0,1053.0,1315.0,1036.0,608.0,38.0,5.0,1.0,1.0,1.0,1.0,4.0
"1,594","35,000",4109.0,3780.0,1056.0,1875.0,1404.0,1600.0,2652.0,2697.0,2718.0,1764.0,849.0,56.0,6.0,1.0,0.0,0.0,2.0,3.0
132,"9,000",1586.0,1703.0,182.0,382.0,449.0,466.0,808.0,1156.0,1440.0,918.0,577.0,42.0,11.0,1.0,1.0,1.0,2.0,5.0
347,"4,799",6181.0,5818.0,1163.0,3265.0,2298.0,2112.0,3433.0,4904.0,4996.0,2732.0,1475.0,194.0,8.0,0.0,1.0,1.0,3.0,5.0
"4,514",555,8336.0,7970.0,967.0,1301.0,1740.0,1824.0,2887.0,5669.0,8609.0,5636.0,4157.0,257.0,11.0,1.0,0.0,1.0,1.0,3.0
879,"33,107",2222.0,2079.0,174.0,147.0,285.0,271.0,622.0,1287.0,2154.0,1767.0,1395.0,236.0,4.0,1.0,0.0,0.0,2.0,3.0
186,"15,000",8407.0,7963.0,1336.0,1918.0,1593.0,2292.0,3480.0,5207.0,6695.0,4527.0,3103.0,304.0,7.0,1.0,0.0,1.0,1.0,3.0
845,"7,346",4048.0,3932.0,699.0,1201.0,1231.0,1252.0,2289.0,3420.0,3796.0,2218.0,1148.0,91.0,15.0,2.0,0.0,0.0,1.0,3.0
421,"6,000",4162.0,3731.0,170.0,420.0,684.0,651.0,1058.0,2160.0,3483.0,2275.0,2133.0,328.0,13.0,1.0,1.0,0.0,1.0,3.0
509,"13,752",1110.0,1028.0,166.0,231.0,238.0,303.0,483.0,734.0,1027.0,548.0,401.0,58.0,4.0,1.0,0.0,0.0,1.0,2.0
740,"5,000",1743.0,1722.0,144.0,232.0,200.0,229.0,557.0,1254.0,1808.0,1348.0,864.0,90.0,8.0,1.0,0.0,0.0,1.0,2.0
458,"48,825",10494.0,10402.0,1718.0,3083.0,3850.0,2999.0,5306.0,6376.0,6646.0,4043.0,2104.0,95.0,0.0,2.0,0.0,1.0,1.0,4.0
"1,117","5,000",7687.0,7380.0,2468.0,3143.0,3595.0,3978.0,5661.0,6741.0,5608.0,2604.0,1416.0,144.0,12.0,1.0,0.0,1.0,2.0,4.0
127,"3,227",2827.0,2812.0,199.0,533.0,1273.0,870.0,1517.0,2276.0,2489.0,1354.0,943.0,89.0,7.0,1.0,0.0,1.0,1.0,3.0
586,"2,500",1052.0,1204.0,148.0,218.0,272.0,403.0,473.0,624.0,880.0,505.0,247.0,18.0,7.0,0.0,1.0,0.0,1.0,2.0
959,"50,610",2077.0,2092.0,290.0,355.0,310.0,536.0,675.0,1470.0,2588.0,1418.0,850.0,92.0,5.0,0.0,0.0,0.0,1.0,1.0
66,"14,260",0.0,0.0,0.0,0.0,0.0,0.0,0.0,0.0,0.0,0.0,0.0,0.0,4.0,0.0,0.0,0.0,1.0,1.0
328,"3,000",2889.0,2569.0,226.0,522.0,264.0,410.0,786.0,1534.0,2528.0,2140.0,1745.0,160.0,3.0,2.0,0.0,0.0,1.0,3.0
354,"3,000",975.0,911.0,122.0,126.0,169.0,200.0,304.0,682.0,963.0,793.0,738.0,37.0,4.0,1.0,0.0,1.0,1.0,3.0
941,"25,358",7073.0,6858.0,1437.0,1958.0,1842.0,2416.0,4054.0,5282.0,6619.0,3665.0,2294.0,186.0,10.0,1.0,0.0,0.0,1.0,2.0
976,"13,820",11482.0,10893.0,2903.0,3535.0,3681.0,5219.0,6214.0,7940.0,8308.0,3314.0,1055.0,35.0,15.0,0.0,0.0,0.0,1.0,1.0
1248,"18,852",4975.0,4903.0,273.0,965.0,756.0,835.0,1563.0,3122.0,5312.0,3301.0,1970.0,164.0,3.0,1.0,1.0,1.0,2.0,5.0
1604,"9,500",716.0,730.0,167.0,296.0,257.0,281.0,333.0,478.0,455.0,148.0,42.0,0.0,10.0,0.0,0.0,0.0,1.0,1.0
143.32,250,1211.0,1178.0,66.0,96.0,154.0,260.0,251.0,790.0,1636.0,824.0,568.0,17.0,5.0,0.0,0.0,0.0,1.0,1.0
658,"9,000",2515.0,2524.0,215.0,358.0,336.0,442.0,920.0,1848.0,2693.0,1798.0,1189.0,185.0,4.0,1.0,0.0,0.0,1.0,2.0
284.6,"2,443",4456.0,4325.0,244.0,654.0,566.0,641.0,1272.0,2527.0,4201.0,2755.0,2171.0,260.0,8.0,2.0,1.0,0.0,1.0,4.0
598.58,"5,760",12518.0,12634.0,2609.0,2757.0,4400.0,5292.0,6756.0,10452.0,11207.0,5846.0,2816.0,220.0,21.0,1.0,4.0,0.0,2.0,7.0
225,"15,351",0.0,0.0,0.0,0.0,0.0,0.0,0.0,0.0,0.0,0.0,0.0,0.0,0.0,0.0,2.0,0.0,2.0,4.0
469.63,"2,640",212.0,189.0,236.0,49.0,86.0,469.0,181.0,117.0,19.0,0.0,0.0,0.0,4.0,0.0,0.0,0.0,1.0,1.0
652,"1,000",18463.0,17715.0,2858.0,4777.0,6519.0,6791.0,9662.0,11633.0,13090.0,7868.0,3287.0,168.0,6.0,0.0,3.0,0.0,1.0,4.0
135.09,"4,700",202.0,197.0,14.0,44.0,78.0,64.0,82.0,182.0,190.0,70.0,70.0,5.0,3.0,0.0,0.0,0.0,1.0,1.0
1072,"2,000",215.0,214.0,29.0,32.0,27.0,25.0,58.0,144.0,129.0,117.0,129.0,49.0,8.0,0.0,0.0,0.0,1.0,1.0
514,150,230.0,214.0,61.0,148.0,72.0,84.0,159.0,176.0,271.0,149.0,46.0,0.0,2.0,0.0,0.0,0.0,1.0,1.0
858.8,"6,341",16523.0,14664.0,3262.0,4981.0,7030.0,6764.0,9242.0,11312.0,11055.0,5584.0,2624.0,128.0,4.0,1.0,0.0,0.0,2.0,3.0
557.6,"20,007",879.0,792.0,51.0,60.0,39.0,107.0,235.0,348.0,412.0,387.0,241.0,5.0,7.0,0.0,0.0,0.0,1.0,1.0
704.56,"9,542",1586.0,1703.0,182.0,382.0,449.0,466.0,808.0,1156.0,1440.0,918.0,577.0,42.0,10.0,1.0,1.0,1.0,2.0,5.0
1110,"100,000",6678.0,6284.0,1164.0,3302.0,2472.0,2250.0,3499.0,5332.0,5459.0,2949.0,1609.0,205.0,8.0,0.0,1.0,1.0,3.0,5.0
1602.4,"6,000",636.0,671.0,23.0,27.0,19.0,48.0,47.0,152.0,126.0,112.0,170.0,51.0,0.0,0.0,0.0,0.0,1.0,1.0
452,500,0.0,0.0,0.0,0.0,0.0,0.0,0.0,0.0,0.0,0.0,0.0,0.0,1.0,0.0,0.0,0.0,1.0,1.0
869.68,"3,880",12060.0,12131.0,1894.0,5210.0,7441.0,3857.0,5637.0,7121.0,7053.0,3902.0,1862.0,78.0,11.0,0.0,0.0,1.0,1.0,2.0
1137,"17,000",2513.0,2299.0,187.0,159.0,400.0,338.0,685.0,1389.0,2310.0,1939.0,1516.0,236.0,8.0,1.0,0.0,0.0,2.0,3.0
634.3,"15,000",259.0,254.0,41.0,57.0,65.0,70.0,101.0,150.0,147.0,161.0,74.0,25.0,5.0,0.0,0.0,0.0,1.0,1.0
158,"2,400",0.0,0.0,0.0,0.0,0.0,0.0,0.0,0.0,0.0,0.0,0.0,0.0,7.0,0.0,0.0,0.0,1.0,1.0
72.84,"8,000",3417.0,3135.0,553.0,711.0,607.0,959.0,1456.0,2099.0,2545.0,2120.0,1391.0,106.0,15.0,1.0,0.0,0.0,1.0,2.0
636.18,"4,400",7687.0,7380.0,2468.0,3143.0,3595.0,3978.0,5661.0,6741.0,5608.0,2604.0,1416.0,144.0,10.0,1.0,0.0,1.0,2.0,4.0
317.8,"12,480",875.0,704.0,292.0,189.0,214.0,306.0,632.0,547.0,605.0,480.0,327.0,6.0,4.0,0.0,0.0,1.0,1.0,2.0
631.3,,2978.0,2798.0,388.0,1004.0,1599.0,970.0,1456.0,2623.0,2990.0,1772.0,1140.0,77.0,9.0,1.0,0.0,1.0,1.0,3.0
1457.6,12541,1364.0,1554.0,368.0,210.0,402.0,561.0,400.0,749.0,1333.0,703.0,353.0,45.0,9.0,1.0,0.0,1.0,2.0,4.0
1819.4,54269,39704.0,36890.0,10135.0,14055.0,20760.0,20583.0,26371.0,33324.0,22123.0,9008.0,5625.0,361.0,23.0,1.0,0.0,0.0,1.0,2.0
932.96,,470.0,567.0,303.0,354.0,84.0,202.0,652.0,322.0,16.0,0.0,0.0,0.0,5.0,1.0,0.0,0.0,1.0,2.0
543.56,2034,35285.0,33480.0,6456.0,10413.0,13977.0,15397.0,19788.0,22393.0,22043.0,11336.0,4050.0,123.0,15.0,0.0,0.0,1.0,1.0,2.0
312.3,1991,41804.0,39423.0,11895.0,16933.0,17072.0,21776.0,29184.0,27705.0,21026.0,8788.0,3165.0,122.0,8.0,1.0,0.0,1.0,2.0,4.0
896,"5,000",8550.0,9028.0,3195.0,3830.0,4505.0,5108.0,7113.0,6366.0,4308.0,2476.0,977.0,55.0,10.0,1.0,0.0,1.0,2.0,4.0
194,"20,000",20111.0,17561.0,5717.0,9883.0,7225.0,7470.0,13199.0,11940.0,9789.0,5178.0,2213.0,95.0,5.0,1.0,0.0,1.0,2.0,4.0
312,"3,000",16137.0,16393.0,2217.0,3124.0,9752.0,6588.0,7186.0,8989.0,9619.0,6513.0,3343.0,302.0,24.0,3.0,5.0,2.0,2.0,12.0
,"15,000",20582.0,19678.0,3615.0,4610.0,11409.0,9526.0,9537.0,11289.0,11061.0,7106.0,2960.0,136.0,12.0,1.0,2.0,1.0,1.0,5.0
144,"5,000",22797.0,21147.0,6099.0,10885.0,11385.0,9023.0,15711.0,18721.0,11767.0,5312.0,1585.0,44.0,10.0,1.0,0.0,2.0,2.0,5.0
,,8550.0,9028.0,3195.0,3830.0,4505.0,5108.0,7113.0,6366.0,4308.0,2476.0,977.0,55.0,9.0,1.0,0.0,1.0,2.0,4.0
414.6,"9,804",23015.0,21459.0,6134.0,11002.0,11474.0,9142.0,15798.0,18854.0,11910.0,5380.0,1600.0,44.0,8.0,1.0,0.0,2.0,2.0,5.0
1465.29,"6,404",20111.0,17561.0,5717.0,9883.0,7225.0,7470.0,13199.0,11940.0,9789.0,5178.0,2213.0,95.0,4.0,1.0,0.0,1.0,2.0,4.0
446.16,"15,015",21763.0,21831.0,5142.0,5721.0,9652.0,10968.0,11990.0,12870.0,12961.0,9501.0,4261.0,285.0,12.0,1.0,0.0,0.0,2.0,3.0
594,"3,616",262.0,244.0,59.0,53.0,178.0,110.0,50.0,206.0,109.0,34.0,0.0,0.0,4.0,0.0,0.0,0.0,1.0,1.0
614,445,16279.0,15725.0,9018.0,8706.0,7132.0,11038.0,14783.0,10540.0,5902.0,2076.0,595.0,34.0,5.0,1.0,0.0,0.0,1.0,2.0
1095,"20,000",15085.0,15758.0,1098.0,2135.0,7866.0,4477.0,4649.0,5818.0,6430.0,4261.0,2360.0,197.0,23.0,2.0,6.0,2.0,2.0,12.0
575.54,"8,472",15030.0,13689.0,3570.0,4387.0,8961.0,8502.0,8869.0,10845.0,7123.0,3048.0,1676.0,158.0,10.0,0.0,0.0,1.0,1.0,2.0
648,120,4109.0,3780.0,1056.0,1875.0,1404.0,1600.0,2652.0,2697.0,2718.0,1764.0,849.0,56.0,6.0,1.0,0.0,0.0,2.0,3.0
876,75000,3908.0,3656.0,908.0,1995.0,1135.0,1246.0,2568.0,2669.0,1658.0,1174.0,770.0,108.0,12.0,1.0,0.0,0.0,2.0,3.0
2868,8786,812.0,844.0,95.0,840.0,173.0,100.0,331.0,688.0,928.0,531.0,321.0,29.0,15.0,1.0,0.0,0.0,1.0,2.0
702,9962,6161.0,5806.0,1129.0,3230.0,2380.0,2198.0,3401.0,5152.0,5209.0,2809.0,1535.0,205.0,9.0,0.0,1.0,1.0,3.0,5.0
528.92,700,12104.0,12152.0,1691.0,2591.0,4846.0,5013.0,6225.0,10351.0,11421.0,5618.0,2523.0,208.0,14.0,0.0,2.0,0.0,2.0,4.0
343,,20040.0,20247.0,4140.0,6624.0,11442.0,10472.0,12146.0,18871.0,12727.0,4693.0,1813.0,111.0,12.0,0.0,0.0,1.0,1.0,2.0
541,3800,7689.0,7746.0,935.0,2394.0,4442.0,2538.0,3828.0,6429.0,4815.0,1944.0,658.0,0.0,14.0,0.0,1.0,0.0,1.0,2.0
783.1,500,13178.0,14008.0,4998.0,6813.0,5061.0,7031.0,12351.0,10036.0,8815.0,4457.0,1964.0,213.0,20.0,2.0,2.0,1.0,1.0,6.0
541.73,318,1154.0,1128.0,13.0,91.0,217.0,185.0,334.0,703.0,1194.0,839.0,720.0,40.0,3.0,0.0,0.0,0.0,1.0,1.0
363.87,10000,11437.0,11306.0,3253.0,4822.0,4370.0,4965.0,8264.0,7578.0,5632.0,3009.0,1065.0,13.0,15.0,1.0,0.0,0.0,1.0,2.0
347,2565,44419.0,39631.0,11013.0,13758.0,18684.0,24890.0,25674.0,27513.0,22825.0,10701.0,4075.0,180.0,34.0,1.0,0.0,0.0,1.0,2.0
428,"3,000",8926.0,8354.0,1302.0,2300.0,6540.0,4529.0,4964.0,5681.0,5607.0,3187.0,1299.0,79.0,12.0,1.0,0.0,1.0,2.0,4.0
164,"8,531",12039.0,11632.0,3522.0,4629.0,6892.0,6604.0,8552.0,11342.0,8345.0,3530.0,1285.0,82.0,4.0,0.0,0.0,1.0,2.0,3.0
"2,172","17,000",11133.0,11812.0,4519.0,4917.0,6535.0,7902.0,7635.0,5909.0,4830.0,1961.0,638.0,12.0,8.0,1.0,0.0,1.0,1.0,3.0
662,"1,000",226.0,224.0,11.0,11.0,48.0,37.0,73.0,132.0,321.0,292.0,172.0,18.0,9.0,0.0,0.0,0.0,1.0,1.0
133,"2,000",22941.0,21604.0,3391.0,7613.0,13467.0,8972.0,11108.0,17052.0,14329.0,6092.0,3026.0,223.0,14.0,2.0,1.0,0.0,2.0,5.0
246,"8,000",9193.0,9414.0,1758.0,3080.0,4329.0,3684.0,5156.0,6907.0,7054.0,3429.0,1087.0,147.0,9.0,2.0,0.0,1.0,1.0,4.0
606,"10,000",19853.0,18506.0,3982.0,5549.0,9492.0,10007.0,11531.0,13214.0,11561.0,6544.0,2806.0,206.0,14.0,1.0,0.0,0.0,2.0,3.0
50,"6,000",18760.0,16664.0,3052.0,3431.0,10926.0,9033.0,7746.0,8980.0,8078.0,5271.0,2417.0,67.0,32.0,2.0,2.0,2.0,1.0,7.0
191.21,906,14362.0,13723.0,1890.0,2938.0,6518.0,5744.0,6629.0,9660.0,9472.0,5049.0,2158.0,117.0,5.0,1.0,0.0,0.0,1.0,2.0
349.4,"1,017",12039.0,11632.0,3522.0,4629.0,6892.0,6604.0,8552.0,11342.0,8345.0,3530.0,1285.0,82.0,4.0,0.0,0.0,1.0,2.0,3.0
642.7,500,12556.0,12136.0,2413.0,3581.0,4781.0,5157.0,6910.0,8175.0,8539.0,5012.0,2292.0,111.0,8.0,0.0,0.0,1.0,1.0,2.0
909.9,,8926.0,8354.0,1302.0,2300.0,6540.0,4529.0,4964.0,5681.0,5607.0,3187.0,1299.0,79.0,10.0,1.0,0.0,1.0,3.0,5.0
257.2,"1,000",23573.0,21739.0,3087.0,5367.0,15059.0,11475.0,11988.0,15359.0,15112.0,9315.0,4161.0,162.0,16.0,1.0,0.0,1.0,2.0,4.0
170.8,336,20271.0,20521.0,2029.0,4076.0,8363.0,8322.0,10070.0,16258.0,17411.0,10543.0,3988.0,81.0,8.0,2.0,0.0,0.0,1.0,3.0
150.5,400,12456.0,12193.0,6613.0,5015.0,4390.0,8431.0,9667.0,7371.0,4788.0,1545.0,329.0,0.0,10.0,0.0,0.0,0.0,1.0,1.0
454.78,"7,000",31727.0,28856.0,8012.0,11360.0,13588.0,14460.0,19693.0,21756.0,16455.0,9759.0,4574.0,176.0,12.0,2.0,1.0,0.0,1.0,4.0
316.8,"2,171",0.0,0.0,0.0,0.0,0.0,0.0,0.0,0.0,0.0,0.0,0.0,0.0,2.0,0.0,0.0,0.0,1.0,1.0
385.9,"7,000",19050.0,17735.0,3582.0,4796.0,8836.0,8963.0,10580.0,12580.0,11274.0,6322.0,2760.0,230.0,6.0,0.0,0.0,0.0,2.0,2.0
666,50,20608.0,19480.0,3356.0,7610.0,13381.0,8925.0,11028.0,17060.0,14402.0,6059.0,3008.0,223.0,14.0,2.0,1.0,0.0,2.0,5.0
80.08,1350,21881.0,21059.0,4887.0,9337.0,10524.0,8454.0,13570.0,17549.0,12253.0,4563.0,1929.0,82.0,10.0,1.0,0.0,0.0,1.0,2.0
40.2,,9584.0,10197.0,3555.0,3114.0,4756.0,6621.0,6374.0,7544.0,5603.0,2456.0,996.0,15.0,15.0,1.0,0.0,0.0,1.0,2.0
1048.362,95,11358.0,10397.0,2089.0,2926.0,5447.0,5063.0,5714.0,8165.0,7498.0,3655.0,1481.0,152.0,8.0,1.0,0.0,1.0,2.0,4.0
"1,099","34,600",11358.0,10397.0,2089.0,2926.0,5447.0,5063.0,5714.0,8165.0,7498.0,3655.0,1481.0,152.0,8.0,1.0,0.0,1.0,2.0,4.0
"2,952","100,000",12004.0,11686.0,3389.0,5885.0,4091.0,4130.0,8270.0,6956.0,6353.0,3798.0,1726.0,96.0,10.0,1.0,0.0,1.0,2.0,4.0
"3,566","100,000",29350.0,26980.0,5967.0,9020.0,20402.0,18116.0,17917.0,17010.0,12773.0,5168.0,2305.0,267.0,7.0,,,,,
"2,436","20,000",16554.0,19032.0,3299.0,6786.0,21633.0,11605.0,9433.0,10751.0,9053.0,3743.0,1400.0,108.0,11.0,0.0,0.0,0.0,1.0,1.0
"1,699","20,000",18617.0,17275.0,2391.0,4071.0,10655.0,8415.0,8975.0,10142.0,10131.0,6300.0,3004.0,288.0,14.0,0.0,0.0,3.0,1.0,4.0
2951.38,"65,472",12004.0,11686.0,3389.0,5885.0,4091.0,4130.0,8270.0,6956.0,6353.0,3798.0,1726.0,96.0,9.0,1.0,0.0,1.0,2.0,4.0
562.2,258,23591.0,21641.0,6840.0,10387.0,12297.0,13597.0,17634.0,15788.0,9956.0,3769.0,1775.0,194.0,25.0,0.0,0.0,1.0,1.0,2.0
280.6,3492,4097.0,4100.0,354.0,710.0,1014.0,864.0,1264.0,2541.0,3811.0,2936.0,2364.0,190.0,9.0,1.0,0.0,1.0,2.0,4.0
"1,146","7,632",925.0,1010.0,271.0,143.0,422.0,569.0,456.0,658.0,559.0,322.0,95.0,0.0,29.0,0.0,0.0,0.0,1.0,1.0
709,"11,500",24407.0,22131.0,4904.0,7815.0,10585.0,9007.0,12679.0,15151.0,14202.0,7117.0,2668.0,127.0,32.0,1.0,1.0,0.0,1.0,3.0
"1,644","7,500",6282.0,6140.0,1337.0,1610.0,2544.0,3120.0,3289.0,4091.0,4311.0,2531.0,1269.0,129.0,7.0,0.0,0.0,0.0,1.0,1.0
987,"4,000",13402.0,12750.0,2390.0,2553.0,6580.0,7131.0,6704.0,9333.0,10703.0,5620.0,2359.0,185.0,21.0,0.0,0.0,2.0,1.0,3.0
424,"8,000",24590.0,22682.0,6027.0,9469.0,11198.0,8308.0,14792.0,16492.0,14486.0,7957.0,2632.0,41.0,27.0,1.0,0.0,0.0,1.0,2.0
626,"7,200",21094.0,18965.0,3519.0,3977.0,8392.0,9916.0,10083.0,12002.0,13494.0,9612.0,4783.0,335.0,28.0,2.0,0.0,0.0,3.0,5.0
471,"197,982",31109.0,28977.0,6324.0,9143.0,11441.0,12301.0,17374.0,17886.0,18418.0,10438.0,3784.0,254.0,15.0,1.0,1.0,1.0,1.0,4.0
402,"5,500",28731.0,25955.0,5914.0,6402.0,15122.0,15120.0,15127.0,16318.0,16596.0,9422.0,3979.0,246.0,33.0,1.0,1.0,1.0,1.0,4.0
"2,066","30,000",12001.0,11752.0,1874.0,3236.0,6393.0,5058.0,6150.0,8410.0,9279.0,4390.0,1694.0,149.0,14.0,0.0,0.0,0.0,1.0,1.0
66,"1,880",311.0,332.0,64.0,69.0,119.0,63.0,140.0,209.0,290.0,52.0,31.0,0.0,10.0,0.0,1.0,1.0,1.0,3.0
453,"4,800",26125.0,23595.0,3412.0,5489.0,14326.0,10557.0,12965.0,15605.0,18439.0,11793.0,5174.0,198.0,46.0,0.0,3.0,0.0,2.0,5.0
643,"2,073",26818.0,22948.0,4853.0,5194.0,15215.0,15816.0,13904.0,14482.0,14731.0,9451.0,3782.0,317.0,8.0,0.0,0.0,0.0,2.0,2.0
"1,715","8,173",32543.0,28850.0,6670.0,9215.0,15731.0,15790.0,18618.0,19623.0,18724.0,10855.0,4676.0,335.0,23.0,0.0,0.0,0.0,1.0,1.0
137,"36,667",13456.0,12726.0,2009.0,3723.0,5902.0,5034.0,6914.0,9002.0,10520.0,6108.0,2390.0,87.0,20.0,1.0,0.0,1.0,1.0,3.0
477,"4,977",15908.0,14655.0,1078.0,2502.0,8435.0,6759.0,7272.0,10047.0,11625.0,7520.0,3478.0,329.0,33.0,0.0,3.0,1.0,2.0,6.0
"1,725","35,000",27168.0,25577.0,6892.0,10970.0,9130.0,10218.0,17499.0,15767.0,14260.0,7072.0,1879.0,11.0,35.0,1.0,0.0,0.0,1.0,2.0
466.69,"15,585",16511.0,15391.0,1127.0,2546.0,9015.0,6965.0,7818.0,10743.0,12201.0,7892.0,3510.0,319.0,35.0,1.0,3.0,1.0,2.0,7.0
258.79,782,5315.0,5817.0,840.0,984.0,2946.0,3057.0,2768.0,4180.0,4893.0,2486.0,693.0,17.0,13.0,0.0,0.0,0.0,1.0,1.0
827,"15,021",31264.0,28566.0,7421.0,10441.0,11112.0,12802.0,19207.0,18442.0,19975.0,11770.0,4526.0,218.0,14.0,0.0,0.0,0.0,1.0,1.0
,,13687.0,12511.0,2745.0,3985.0,5153.0,5148.0,6662.0,9682.0,8757.0,4547.0,2026.0,146.0,21.0,0.0,0.0,0.0,1.0,1.0
469.3,"1,000",12029.0,11221.0,1247.0,1811.0,4286.0,4404.0,5686.0,7968.0,10398.0,7079.0,3419.0,272.0,14.0,1.0,0.0,0.0,1.0,2.0
335.1,"1,800",26895.0,23894.0,5561.0,7352.0,11572.0,10675.0,14221.0,15657.0,16225.0,10405.0,4677.0,305.0,36.0,1.0,0.0,0.0,1.0,2.0
251.25,"10,117",12707.0,12037.0,3098.0,4781.0,5486.0,5041.0,8052.0,10572.0,10745.0,5015.0,1697.0,62.0,11.0,0.0,0.0,0.0,1.0,1.0
,"1,000",15289.0,13880.0,2085.0,2716.0,5363.0,5779.0,7204.0,8917.0,10684.0,7569.0,3575.0,175.0,20.0,1.0,0.0,0.0,3.0,4.0
,"4,400",26365.0,24508.0,3897.0,4209.0,13046.0,14913.0,13192.0,15395.0,17743.0,11039.0,5057.0,273.0,28.0,1.0,0.0,0.0,2.0,3.0
481.6,"1,784",26017.0,24046.0,6105.0,10896.0,11922.0,12715.0,17166.0,22005.0,22346.0,11849.0,4710.0,180.0,26.0,1.0,0.0,0.0,1.0,2.0
1149.4,"3,000",20583.0,19667.0,1800.0,3601.0,7778.0,7386.0,9483.0,14300.0,18653.0,10905.0,4021.0,136.0,16.0,1.0,0.0,0.0,1.0,2.0
1076.47,"55,414",26818.0,22948.0,4853.0,5194.0,15215.0,15816.0,13904.0,14482.0,14731.0,9451.0,3782.0,317.0,8.0,0.0,0.0,0.0,2.0,2.0
,100,22158.0,19924.0,3779.0,4610.0,9133.0,10186.0,11095.0,13246.0,14967.0,10613.0,4844.0,269.0,22.0,2.0,0.0,0.0,3.0,5.0
827.76,,29323.0,25116.0,4533.0,6244.0,16248.0,14215.0,13771.0,16603.0,17903.0,10520.0,4878.0,274.0,31.0,0.0,1.0,0.0,1.0,2.0
497.9,"7,870",26343.0,25833.0,5274.0,10339.0,25026.0,11179.0,14450.0,16117.0,15323.0,7911.0,3396.0,238.0,24.0,0.0,1.0,0.0,1.0,2.0
1316.74,"6,092",26353.0,23880.0,5179.0,5006.0,17758.0,16457.0,13801.0,14051.0,13556.0,8176.0,3178.0,89.0,27.0,1.0,3.0,0.0,1.0,5.0
,500,21529.0,19812.0,2302.0,3737.0,7478.0,7388.0,9210.0,12070.0,14891.0,10766.0,5068.0,294.0,20.0,2.0,0.0,0.0,4.0,6.0
,"1,599",20034.0,18793.0,3105.0,3624.0,9446.0,10215.0,10197.0,11930.0,13473.0,9057.0,4068.0,296.0,24.0,1.0,1.0,0.0,1.0,3.0
275.64,"1,622",21519.0,19696.0,1881.0,3903.0,11084.0,7671.0,9629.0,13091.0,16382.0,10766.0,4759.0,154.0,37.0,0.0,3.0,0.0,2.0,5.0
,,19937.0,18418.0,5055.0,7130.0,8507.0,8420.0,11435.0,14738.0,12110.0,6131.0,2589.0,185.0,17.0,1.0,0.0,0.0,1.0,2.0
113.84,200,35805.0,33181.0,8354.0,11333.0,16993.0,19610.0,21958.0,24613.0,22268.0,9903.0,3539.0,338.0,43.0,1.0,0.0,0.0,1.0,2.0
532,6995,21283.0,20399.0,5264.0,6847.0,10230.0,9860.0,11666.0,13642.0,12415.0,6426.0,2128.0,54.0,13.0,0.0,0.0,0.0,1.0,1.0
501,4230,25488.0,24226.0,6022.0,8764.0,12036.0,10794.0,13986.0,16116.0,13431.0,6443.0,2314.0,37.0,6.0,0.0,0.0,1.0,1.0,2.0
388.2,16000,224.0,213.0,37.0,84.0,24.0,24.0,50.0,199.0,262.0,139.0,110.0,13.0,0.0,0.0,2.0,0.0,2.0,4.0
446.16,28400,21763.0,21831.0,5142.0,5721.0,9652.0,10968.0,11990.0,12870.0,12961.0,9501.0,4261.0,285.0,12.0,1.0,0.0,0.0,2.0,3.0
257.4,5000,4422.0,4399.0,3021.0,3294.0,2078.0,3352.0,4790.0,3517.0,2010.0,960.0,239.0,0.0,17.0,1.0,1.0,1.0,1.0,4.0
1658,500,0.0,0.0,62.0,123.0,147.0,218.0,278.0,144.0,55.0,75.0,5.0,0.0,3.0,0.0,0.0,0.0,1.0,1.0
709,1903,804.0,834.0,257.0,281.0,287.0,381.0,469.0,809.0,508.0,322.0,220.0,31.0,11.0,0.0,0.0,0.0,1.0,1.0
463.26,6996,770.0,830.0,205.0,292.0,295.0,297.0,488.0,601.0,493.0,357.0,173.0,0.0,6.0,0.0,0.0,0.0,1.0,1.0
166.9,5400,3855.0,3957.0,3182.0,2908.0,2567.0,4464.0,5671.0,4641.0,3501.0,1657.0,772.0,22.0,11.0,1.0,0.0,0.0,1.0,2.0
564,"23,430",30771.0,28366.0,5708.0,7603.0,16537.0,22188.0,19310.0,14018.0,10822.0,5707.0,1390.0,12.0,31.0,4.0,0.0,1.0,1.0,6.0
,"7,802",58335.0,55497.0,10099.0,13116.0,28826.0,34096.0,32335.0,34800.0,35969.0,17843.0,4882.0,95.0,15.0,3.0,0.0,0.0,2.0,5.0
620,"4,794",37329.0,34039.0,5210.0,7789.0,18606.0,17209.0,18940.0,24224.0,24280.0,15230.0,6525.0,137.0,24.0,0.0,0.0,1.0,1.0,2.0
"2,046","425,950",55411.0,50477.0,10747.0,15404.0,30935.0,34563.0,33560.0,30522.0,28164.0,14904.0,4029.0,283.0,21.0,2.0,0.0,1.0,1.0,4.0
660,"47,452",13381.0,20013.0,1172.0,2172.0,16740.0,13542.0,9435.0,8574.0,7067.0,3964.0,1341.0,0.0,13.0,1.0,0.0,1.0,1.0,3.0
"2,279","77,906",30510.0,27525.0,7223.0,12665.0,15919.0,16456.0,20606.0,18893.0,12559.0,5433.0,2176.0,60.0,24.0,1.0,0.0,0.0,2.0,3.0
"1,061","8,836",41359.0,38960.0,8164.0,9299.0,21286.0,25567.0,22042.0,25364.0,25719.0,15727.0,5292.0,85.0,17.0,1.0,1.0,1.0,1.0,4.0
,"4,500",26609.0,25542.0,4896.0,7914.0,12627.0,13507.0,14781.0,18862.0,17547.0,9717.0,3627.0,75.0,17.0,0.0,0.0,1.0,1.0,2.0
587,"313,475",11254.0,10731.0,1168.0,4391.0,4886.0,3059.0,5595.0,6589.0,5401.0,3008.0,1290.0,31.0,5.0,1.0,0.0,0.0,0.0,1.0
,"19,974",48917.0,43838.0,8788.0,14076.0,23822.0,24159.0,26746.0,32611.0,30552.0,15024.0,6488.0,245.0,23.0,1.0,0.0,1.0,1.0,3.0
561,"150,000",30048.0,29874.0,4714.0,5712.0,20633.0,18227.0,15347.0,17304.0,16925.0,10684.0,4834.0,82.0,29.0,1.0,2.0,0.0,1.0,4.0
"2,507","20,943",49807.0,47385.0,9693.0,11633.0,33915.0,31167.0,26278.0,28069.0,26306.0,14963.0,5943.0,153.0,31.0,3.0,0.0,0.0,1.0,4.0
"1,463","563,800",48776.0,42251.0,10145.0,10694.0,24367.0,31088.0,25666.0,27565.0,21757.0,11706.0,5355.0,124.0,46.0,0.0,2.0,0.0,1.0,3.0
343,"35,108",26595.0,23754.0,4288.0,7097.0,19322.0,14317.0,14371.0,16283.0,14037.0,8220.0,3826.0,95.0,26.0,1.0,1.0,1.0,1.0,4.0
515,"87,875",18575.0,17042.0,3867.0,5227.0,9461.0,12735.0,11431.0,10579.0,8946.0,4491.0,1095.0,0.0,38.0,2.0,1.0,1.0,1.0,5.0
127,"31,000",43308.0,40174.0,8486.0,10874.0,30421.0,24310.0,22346.0,24855.0,19756.0,11191.0,4314.0,47.0,51.0,2.0,0.0,1.0,1.0,4.0
450,"106,734",34654.0,30389.0,5058.0,12383.0,25450.0,17825.0,17884.0,20832.0,15952.0,9523.0,4640.0,202.0,29.0,1.0,7.0,3.0,1.0,12.0
"1,820","90,000",14584.0,13030.0,5586.0,9227.0,11265.0,13454.0,16479.0,14344.0,10739.0,5823.0,1577.0,60.0,19.0,2.0,0.0,0.0,1.0,3.0
,"42,086",30115.0,28556.0,7008.0,14844.0,13619.0,12952.0,21460.0,22331.0,17784.0,8548.0,3087.0,262.0,18.0,3.0,0.0,1.0,1.0,5.0
"3,357","18,980",28442.0,29792.0,4323.0,4616.0,20521.0,21473.0,14799.0,17106.0,16159.0,9030.0,3540.0,70.0,24.0,0.0,0.0,0.0,1.0,1.0
"1,286","2,500",27648.0,24619.0,5960.0,6609.0,12462.0,16814.0,15111.0,16948.0,14200.0,7583.0,3521.0,58.0,26.0,0.0,0.0,0.0,1.0,1.0
684,"11,750",16447.0,15242.0,4635.0,5508.0,7469.0,9220.0,9977.0,9908.0,7639.0,3713.0,1313.0,24.0,13.0,0.0,2.0,0.0,1.0,3.0
248,"2,500",6693.0,5983.0,913.0,1400.0,3244.0,3946.0,3812.0,4143.0,3922.0,2258.0,1257.0,53.0,19.0,1.0,25.0,1.0,3.0,30.0
389,"2,400",3575.0,4144.0,330.0,491.0,2676.0,2659.0,2192.0,3040.0,3349.0,1901.0,797.0,42.0,45.0,1.0,10.0,2.0,2.0,15.0
849,"25,417",36798.0,35715.0,8773.0,9736.0,18661.0,22832.0,23806.0,26004.0,24382.0,13801.0,4170.0,54.0,18.0,1.0,0.0,1.0,1.0,3.0
463.35,250,25230.0,28571.0,3149.0,3127.0,26077.0,25304.0,14335.0,15051.0,14123.0,6905.0,2207.0,142.0,32.0,1.0,1.0,0.0,1.0,3.0
237.15,"8,506",30510.0,27525.0,7223.0,12665.0,15919.0,16456.0,20606.0,18893.0,12559.0,5433.0,2176.0,60.0,20.0,1.0,0.0,0.0,2.0,3.0
397.1,320,45635.0,38346.0,8243.0,14110.0,30510.0,22671.0,25102.0,27582.0,21813.0,12231.0,5633.0,299.0,18.0,3.0,1.0,1.0,1.0,6.0
236,"1,500",57852.0,55080.0,14886.0,18321.0,27907.0,34496.0,38042.0,38169.0,37707.0,18821.0,5075.0,170.0,12.0,2.0,0.0,0.0,2.0,4.0
454,"7,547",4371.0,4866.0,419.0,655.0,2827.0,2803.0,2488.0,3143.0,3247.0,1840.0,774.0,36.0,25.0,0.0,13.0,2.0,3.0,18.0
699.5,"70,000",43557.0,40471.0,11437.0,10910.0,21909.0,29142.0,25821.0,24838.0,22015.0,11045.0,3556.0,135.0,33.0,2.0,0.0,0.0,1.0,3.0
296,"9,378",15040.0,12351.0,2000.0,3169.0,5171.0,6434.0,6985.0,7203.0,5933.0,3685.0,1923.0,40.0,24.0,2.0,11.0,2.0,2.0,17.0
199,"4,610",30161.0,26939.0,5284.0,9301.0,13053.0,12158.0,15259.0,18619.0,18419.0,9296.0,4668.0,310.0,6.0,2.0,1.0,0.0,1.0,4.0
281,"5,000",50720.0,44434.0,7142.0,11826.0,27388.0,26825.0,26455.0,31762.0,28622.0,17128.0,7065.0,79.0,35.0,0.0,0.0,0.0,2.0,2.0
103,"1,640",32813.0,30089.0,6548.0,9034.0,18628.0,19251.0,20165.0,21722.0,20812.0,11298.0,3804.0,57.0,23.0,0.0,1.0,0.0,1.0,2.0
,,25030.0,22006.0,5579.0,8872.0,11549.0,12327.0,14549.0,16145.0,13060.0,7275.0,3711.0,111.0,36.0,4.0,5.0,1.0,1.0,11.0
,,27659.0,25741.0,4176.0,6842.0,18986.0,13918.0,14080.0,16979.0,16172.0,9828.0,3975.0,58.0,5.0,1.0,2.0,2.0,1.0,6.0
777.12,27055,22377.0,20906.0,6276.0,10725.0,11840.0,13543.0,17258.0,16780.0,9974.0,4569.0,2067.0,91.0,31.0,1.0,0.0,1.0,2.0,4.0
177.7,15231,41073.0,43134.0,8382.0,11545.0,22398.0,24242.0,26428.0,28920.0,26731.0,13503.0,4539.0,39.0,20.0,2.0,0.0,0.0,2.0,4.0
"1,715","5,722",7254.0,8080.0,1146.0,2467.0,4183.0,2907.0,3797.0,4916.0,5226.0,2933.0,1581.0,83.0,18.0,0.0,0.0,0.0,2.0,2.0
1194.73,398,2000.0,2531.0,182.0,428.0,843.0,772.0,987.0,1508.0,2140.0,1223.0,917.0,93.0,13.0,0.0,0.0,0.0,1.0,1.0
929,,7576.0,8877.0,1028.0,2422.0,4998.0,3144.0,3782.0,5199.0,5328.0,3046.0,1611.0,76.0,18.0,0.0,0.0,0.0,2.0,2.0
900,1500,518.0,547.0,272.0,276.0,121.0,309.0,421.0,286.0,213.0,59.0,12.0,0.0,1.0,1.0,0.0,0.0,1.0,2.0
725,1168,5978.0,5693.0,834.0,1476.0,1549.0,1485.0,2327.0,4085.0,5234.0,3428.0,2291.0,206.0,15.0,2.0,1.0,0.0,2.0,5.0
552,19507,1915.0,2844.0,520.0,608.0,714.0,638.0,1203.0,1588.0,1251.0,827.0,434.0,28.0,6.0,0.0,0.0,0.0,1.0,1.0
521.82,35000,2633.0,2516.0,1773.0,737.0,1193.0,2573.0,1996.0,1602.0,1056.0,154.0,21.0,5.0,4.0,0.0,0.0,0.0,1.0,1.0
3444.42,32500,3709.0,3857.0,935.0,908.0,1545.0,1440.0,1704.0,2248.0,2429.0,1533.0,1013.0,152.0,15.0,0.0,1.0,0.0,2.0,3.0
323.9669,31240,11765.0,11056.0,2421.0,4294.0,3651.0,3544.0,6253.0,6562.0,6099.0,4100.0,2500.0,99.0,16.0,1.0,0.0,0.0,2.0,3.0
602,"25,000",20458.0,21267.0,3930.0,4987.0,10718.0,12138.0,11760.0,15439.0,12551.0,5234.0,1418.0,95.0,17.0,0.0,0.0,1.0,1.0,2.0
300,"5,000",21095.0,22358.0,6396.0,7840.0,8663.0,10767.0,13942.0,14373.0,14096.0,5530.0,1450.0,88.0,24.0,0.0,0.0,0.0,1.0,1.0
477,"5,000",10196.0,10205.0,5074.0,3184.0,3851.0,7698.0,6348.0,5888.0,3214.0,691.0,105.0,0.0,3.0,0.0,0.0,0.0,0.0,0.0
70,"50,153",0.0,0.0,0.0,0.0,0.0,0.0,0.0,0.0,0.0,0.0,0.0,0.0,4.0,0.0,2.0,0.0,1.0,3.0
878,"3,000",11306.0,11385.0,2591.0,4100.0,5098.0,5032.0,7253.0,9749.0,8152.0,3565.0,1099.0,10.0,24.0,1.0,0.0,0.0,2.0,3.0
747,"9,960",4119.0,5777.0,1091.0,1238.0,2715.0,2552.0,2362.0,3856.0,2857.0,989.0,326.0,30.0,5.0,0.0,0.0,0.0,1.0,1.0
39.9,"22,001",12137.0,12322.0,2806.0,4387.0,5605.0,5737.0,7840.0,10506.0,8761.0,3796.0,1123.0,10.0,24.0,1.0,0.0,0.0,2.0,3.0
637.2,"3,046",204.0,202.0,0.0,16.0,35.0,72.0,67.0,172.0,266.0,167.0,57.0,0.0,6.0,0.0,0.0,0.0,1.0,1.0
377.6,250,37109.0,33000.0,4582.0,7852.0,19268.0,18539.0,17983.0,22300.0,20035.0,11801.0,4878.0,74.0,31.0,1.0,0.0,0.0,2.0,3.0
357,22900,52092.0,45521.0,13082.0,13339.0,24294.0,32094.0,31667.0,29732.0,26067.0,15490.0,6611.0,367.0,17.0,0.0,0.0,1.0,1.0,2.0
532,9000,9187.0,9070.0,2213.0,3497.0,3992.0,4596.0,5801.0,6702.0,6430.0,2651.0,1142.0,84.0,10.0,0.0,0.0,1.0,2.0,3.0
266,"1,400",4231.0,4017.0,1211.0,2025.0,1603.0,1856.0,2450.0,2668.0,2961.0,1781.0,772.0,23.0,12.0,0.0,1.0,0.0,1.0,2.0
87,"15,621",42743.0,40449.0,7703.0,13232.0,20895.0,20040.0,23060.0,33162.0,24331.0,6420.0,3093.0,238.0,26.0,2.0,1.0,0.0,1.0,4.0
256,"4,800",12704.0,12089.0,3395.0,4926.0,4102.0,4448.0,7174.0,7370.0,4302.0,1257.0,482.0,38.0,10.0,1.0,0.0,1.0,1.0,3.0
777,"98,786",26240.0,28142.0,3770.0,7387.0,19819.0,9959.0,11432.0,14057.0,14214.0,8095.0,3381.0,132.0,5.0,2.0,1.0,1.0,2.0,6.0
394,"5,000",32357.0,29674.0,7121.0,13424.0,14690.0,14766.0,20244.0,24486.0,18837.0,7739.0,3402.0,346.0,19.0,1.0,2.0,1.0,1.0,5.0
10,"93,327",21132.0,20502.0,9680.0,8400.0,10648.0,15148.0,16272.0,16843.0,14000.0,4583.0,1218.0,52.0,15.0,0.0,0.0,0.0,1.0,1.0
"1,529","39,860",14086.0,15138.0,2169.0,3489.0,6960.0,7230.0,7915.0,11773.0,10385.0,4551.0,2096.0,200.0,12.0,1.0,0.0,0.0,1.0,2.0
141,"1,600",18747.0,18706.0,3679.0,4905.0,11080.0,11107.0,10432.0,11870.0,11140.0,6500.0,2921.0,120.0,8.0,0.0,0.0,0.0,1.0,1.0
391,"5,700",1950.0,2100.0,729.0,818.0,709.0,858.0,1391.0,1064.0,792.0,303.0,42.0,0.0,4.0,0.0,0.0,1.0,1.0,2.0
"1,254","3,000",16342.0,16128.0,3748.0,5326.0,7383.0,8087.0,10768.0,10999.0,11029.0,6691.0,2696.0,138.0,21.0,2.0,1.0,1.0,1.0,5.0
297,"8,458",28962.0,28566.0,5270.0,8642.0,14559.0,15053.0,15783.0,21359.0,17796.0,6346.0,2781.0,247.0,19.0,1.0,0.0,0.0,2.0,3.0
363.6,"2,340",22822.0,22388.0,4776.0,7013.0,12109.0,12207.0,13133.0,19134.0,17273.0,6425.0,2097.0,53.0,15.0,1.0,0.0,2.0,1.0,4.0
311.9,"2,570",6077.0,6084.0,1255.0,1726.0,2424.0,2804.0,4065.0,4352.0,4579.0,2860.0,1495.0,263.0,13.0,1.0,8.0,2.0,2.0,13.0
99.6,"1,762",6828.0,6686.0,2409.0,2538.0,3488.0,4667.0,4959.0,4344.0,2876.0,1148.0,637.0,171.0,10.0,0.0,0.0,0.0,1.0,1.0
,,13647.0,12789.0,1481.0,4478.0,8634.0,6524.0,6548.0,10473.0,9752.0,3787.0,1449.0,46.0,10.0,0.0,0.0,1.0,1.0,2.0
2586,"7,297",20801.0,19972.0,5440.0,6717.0,12809.0,15475.0,13953.0,17997.0,16662.0,8044.0,3489.0,202.0,15.0,1.0,0.0,1.0,1.0,3.0
,"4,246",23008.0,22749.0,3708.0,6090.0,8416.0,8845.0,13633.0,14808.0,16326.0,10978.0,4989.0,455.0,24.0,2.0,2.0,2.0,1.0,7.0
598.8,"15,578",6881.0,6797.0,1296.0,1838.0,2647.0,3106.0,4508.0,4960.0,5135.0,3429.0,1709.0,302.0,7.0,1.0,9.0,2.0,2.0,14.0
303,"6,103",21956.0,21707.0,4328.0,7738.0,11710.0,11669.0,12860.0,18296.0,14686.0,5199.0,2174.0,224.0,14.0,0.0,0.0,0.0,2.0,2.0
495,"9,114",26240.0,28142.0,3770.0,7387.0,19819.0,9959.0,11432.0,14057.0,14214.0,8095.0,3381.0,132.0,3.0,2.0,1.0,1.0,2.0,6.0
402.47,2200,412.0,454.0,260.0,379.0,202.0,274.0,487.0,303.0,476.0,258.0,283.0,0.0,9.0,0.0,0.0,0.0,1.0,1.0
165,"5,000",4306.0,4082.0,288.0,405.0,595.0,699.0,1112.0,2569.0,3470.0,2707.0,2445.0,243.0,3.0,1.0,2.0,1.0,1.0,5.0
34,"1,300",855.0,656.0,15.0,82.0,93.0,116.0,211.0,442.0,769.0,644.0,511.0,56.0,0.0,0.0,0.0,1.0,1.0,2.0
259,"35,530",2000.0,1915.0,225.0,296.0,317.0,401.0,647.0,1125.0,1163.0,874.0,654.0,45.0,20.0,1.0,0.0,1.0,2.0,4.0
650,"20,300",7374.0,7606.0,4179.0,4847.0,3169.0,4987.0,6904.0,5129.0,3474.0,1561.0,716.0,93.0,15.0,2.0,0.0,1.0,2.0,5.0
,"1,250",2399.0,2262.0,250.0,1146.0,1329.0,551.0,1000.0,1557.0,1528.0,1054.0,811.0,93.0,6.0,2.0,0.0,1.0,1.0,4.0
506,"42,500",2933.0,2888.0,98.0,368.0,452.0,315.0,522.0,1299.0,1646.0,1156.0,951.0,161.0,5.0,0.0,0.0,1.0,1.0,2.0
"1,014","3,200",2054.0,1912.0,646.0,1258.0,1010.0,1133.0,1265.0,2601.0,1878.0,473.0,122.0,6.0,0.0,1.0,1.0,0.0,1.0,3.0
,"1,500",6503.0,6466.0,1743.0,2566.0,2894.0,2926.0,4581.0,5261.0,4977.0,3163.0,1277.0,16.0,20.0,0.0,6.0,0.0,2.0,8.0
171,500,4097.0,4100.0,354.0,710.0,1014.0,864.0,1264.0,2541.0,3811.0,2936.0,2364.0,190.0,10.0,1.0,0.0,1.0,2.0,4.0
"1,589","43,000",963.0,867.0,45.0,62.0,58.0,92.0,171.0,507.0,954.0,537.0,539.0,56.0,5.0,1.0,0.0,1.0,1.0,3.0
676,"6,000",6319.0,6281.0,1006.0,2531.0,2730.0,2070.0,3510.0,5224.0,4700.0,3186.0,1285.0,61.0,16.0,1.0,0.0,0.0,2.0,3.0
363,"10,000",3406.0,3470.0,518.0,1081.0,1455.0,1068.0,2344.0,2720.0,2800.0,1863.0,756.0,16.0,32.0,0.0,5.0,0.0,2.0,7.0
598,"2,100",3960.0,3859.0,61.0,367.0,580.0,429.0,779.0,2052.0,3076.0,2617.0,1544.0,112.0,23.0,0.0,0.0,0.0,1.0,1.0
"1,434","30,000",6258.0,5896.0,1039.0,1733.0,1674.0,1631.0,2665.0,3940.0,4628.0,3525.0,2621.0,251.0,5.0,1.0,0.0,0.0,0.0,1.0
"1,303","30,000",1613.0,1504.0,147.0,178.0,247.0,272.0,417.0,884.0,1445.0,1009.0,645.0,54.0,12.0,2.0,0.0,1.0,1.0,4.0
820,"9,000",3394.0,3372.0,473.0,796.0,1025.0,835.0,1597.0,3005.0,3280.0,2495.0,1848.0,212.0,4.0,0.0,0.0,1.0,2.0,3.0
331,"3,640",1301.0,1208.0,295.0,250.0,372.0,491.0,587.0,988.0,1459.0,1080.0,630.0,30.0,3.0,1.0,0.0,1.0,1.0,3.0
298,"48,000",1868.0,1680.0,81.0,180.0,191.0,237.0,423.0,1286.0,1500.0,1212.0,1106.0,71.0,0.0,1.0,1.0,1.0,1.0,4.0
731,"1,000",2575.0,2523.0,387.0,269.0,183.0,478.0,761.0,1329.0,1928.0,1732.0,1186.0,136.0,3.0,1.0,0.0,1.0,1.0,3.0
744,500,902.0,920.0,40.0,102.0,202.0,147.0,241.0,513.0,739.0,677.0,448.0,24.0,1.0,1.0,0.0,0.0,1.0,2.0
961,"20,000",6380.0,6106.0,709.0,1474.0,1012.0,1107.0,2189.0,3802.0,4997.0,3970.0,2849.0,341.0,5.0,2.0,0.0,1.0,2.0,5.0
"2,332","51,484",5995.0,5677.0,1187.0,2297.0,2738.0,1921.0,3677.0,5816.0,4924.0,3759.0,2938.0,341.0,13.0,1.0,0.0,0.0,2.0,3.0
60,800,0.0,0.0,0.0,0.0,0.0,0.0,0.0,0.0,0.0,0.0,0.0,0.0,5.0,0.0,0.0,0.0,1.0,1.0
,"3,000",0.0,0.0,0.0,0.0,0.0,0.0,0.0,0.0,0.0,0.0,0.0,0.0,3.0,0.0,0.0,0.0,1.0,1.0
5760,"120,000",2000.0,1915.0,225.0,296.0,317.0,401.0,647.0,1125.0,1163.0,874.0,654.0,45.0,14.0,1.0,0.0,1.0,2.0,4.0
,"2,500",420.0,413.0,51.0,45.0,34.0,54.0,175.0,220.0,324.0,307.0,309.0,35.0,2.0,0.0,0.0,0.0,1.0,1.0
198,"1,500",8964.0,9138.0,5157.0,5570.0,4261.0,6632.0,8511.0,6151.0,4103.0,1842.0,768.0,93.0,14.0,2.0,0.0,1.0,2.0,5.0
1473.3,"19,477",5947.0,5727.0,743.0,1792.0,2334.0,2017.0,2691.0,4353.0,4842.0,3503.0,1784.0,86.0,21.0,1.0,2.0,0.0,2.0,5.0
443.4,,0.0,0.0,0.0,0.0,0.0,0.0,0.0,0.0,0.0,0.0,0.0,0.0,5.0,0.0,0.0,0.0,1.0,1.0
1266,"33,240",3538.0,3435.0,466.0,777.0,1002.0,807.0,1605.0,3068.0,3360.0,2700.0,2179.0,238.0,3.0,0.0,0.0,1.0,2.0,3.0
56,"1,000",0.0,0.0,0.0,0.0,0.0,0.0,0.0,0.0,0.0,0.0,0.0,0.0,8.0,0.0,0.0,0.0,1.0,1.0
817.27,170,289.0,239.0,0.0,0.0,0.0,0.0,0.0,0.0,0.0,0.0,0.0,0.0,4.0,0.0,0.0,0.0,1.0,1.0
313.9,"4,000",206.0,196.0,182.0,144.0,167.0,317.0,427.0,291.0,248.0,140.0,228.0,87.0,0.0,0.0,0.0,0.0,1.0,1.0
,"25,000",6730.0,6446.0,722.0,1506.0,1090.0,1097.0,2248.0,4082.0,5165.0,3961.0,2887.0,341.0,4.0,2.0,0.0,1.0,2.0,5.0
921.3,"1,300",5995.0,5677.0,1187.0,2297.0,2738.0,1921.0,3677.0,5816.0,4924.0,3759.0,2938.0,341.0,10.0,1.0,0.0,0.0,2.0,3.0
794,"10,500",4011.0,4256.0,452.0,772.0,741.0,860.0,1487.0,2643.0,3511.0,2897.0,2177.0,200.0,12.0,3.0,1.0,2.0,2.0,8.0
508.52,"6,461",475.0,476.0,113.0,287.0,287.0,148.0,324.0,201.0,97.0,112.0,40.0,0.0,8.0,0.0,0.0,0.0,1.0,1.0
,"2,916",3087.0,2803.0,312.0,757.0,840.0,701.0,1400.0,2207.0,2588.0,1821.0,1185.0,122.0,3.0,0.0,0.0,1.0,2.0,3.0
433.84,"2,148",0.0,0.0,0.0,0.0,0.0,0.0,0.0,0.0,0.0,0.0,0.0,0.0,6.0,0.0,0.0,0.0,1.0,1.0
290.4,"2,400",4084.0,3863.0,220.0,770.0,650.0,559.0,1190.0,2264.0,3160.0,2956.0,2074.0,312.0,3.0,1.0,0.0,1.0,2.0,4.0
1137,"18,414",3126.0,3192.0,935.0,908.0,1545.0,1440.0,1704.0,2248.0,2429.0,1533.0,1013.0,152.0,13.0,0.0,1.0,0.0,2.0,3.0
433.6,"10,530",27716.0,25566.0,5367.0,11050.0,11526.0,9951.0,13323.0,18810.0,16974.0,9013.0,4551.0,725.0,7.0,1.0,0.0,0.0,1.0,2.0
443.6,"6,128",9282.0,8817.0,1699.0,2956.0,4622.0,3657.0,5054.0,6229.0,6100.0,3475.0,1420.0,23.0,8.0,1.0,0.0,0.0,1.0,2.0
443.22,"11,034",11765.0,11056.0,2421.0,4294.0,3651.0,3544.0,6253.0,6562.0,6099.0,4100.0,2500.0,99.0,16.0,1.0,0.0,0.0,2.0,3.0
328.4,"3,887",15454.0,14407.0,4183.0,6881.0,6085.0,6176.0,9315.0,10019.0,8974.0,4855.0,1986.0,115.0,12.0,1.0,0.0,0.0,1.0,2.0
460.9,"8,908",21209.0,19799.0,4626.0,7560.0,13355.0,12280.0,13125.0,14008.0,9882.0,5779.0,2425.0,168.0,12.0,1.0,0.0,0.0,1.0,2.0
1233,"1,489",921.0,913.0,44.0,124.0,129.0,142.0,385.0,648.0,914.0,603.0,391.0,34.0,2.0,0.0,0.0,1.0,2.0,3.0
645.2,,1390.0,1291.0,289.0,543.0,533.0,436.0,687.0,1018.0,658.0,230.0,31.0,0.0,13.0,1.0,0.0,0.0,1.0,2.0
633,"7,483",16123.0,15725.0,3570.0,4767.0,11627.0,8012.0,8796.0,10232.0,9357.0,5419.0,3245.0,268.0,14.0,2.0,0.0,1.0,2.0,5.0
1184.62,"33,874",1359.0,1336.0,64.0,191.0,232.0,213.0,535.0,1144.0,1249.0,1015.0,559.0,51.0,8.0,1.0,0.0,1.0,3.0,5.0
385.9,"4,413",24980.0,23421.0,5334.0,10802.0,14571.0,11018.0,14080.0,16265.0,13706.0,7414.0,3065.0,190.0,6.0,0.0,0.0,0.0,1.0,1.0
"1,310","20,000",4508.0,4516.0,571.0,1016.0,932.0,1068.0,1796.0,3070.0,3758.0,3012.0,2064.0,181.0,10.0,3.0,1.0,2.0,2.0,8.0
277,"4,500",18466.0,17393.0,4356.0,6586.0,7558.0,7278.0,11459.0,12123.0,9541.0,4535.0,2065.0,126.0,9.0,1.0,0.0,1.0,1.0,3.0
390,"33,000",4081.0,3946.0,388.0,800.0,1094.0,973.0,1756.0,3235.0,4003.0,2696.0,1938.0,188.0,11.0,0.0,0.0,1.0,2.0,3.0
584,"20,000",5905.0,5450.0,1205.0,1784.0,1603.0,1635.0,2964.0,3974.0,4276.0,3075.0,2396.0,176.0,16.0,2.0,1.0,1.0,1.0,5.0
36,"82,000",2718.0,2772.0,205.0,379.0,413.0,465.0,693.0,1650.0,2565.0,1733.0,1232.0,66.0,20.0,1.0,2.0,0.0,1.0,4.0
600,"5,000",4889.0,4662.0,302.0,868.0,778.0,767.0,1442.0,2895.0,3829.0,3514.0,2553.0,338.0,5.0,1.0,0.0,1.0,2.0,4.0
131,"19,020",2334.0,2285.0,243.0,205.0,387.0,389.0,591.0,1247.0,1728.0,1638.0,1247.0,137.0,10.0,2.0,1.0,1.0,1.0,5.0
545,"20,000",661.0,638.0,114.0,76.0,178.0,156.0,257.0,571.0,584.0,418.0,255.0,6.0,1.0,1.0,0.0,0.0,1.0,2.0
,"31,200",3301.0,3253.0,1104.0,1685.0,1592.0,1499.0,2278.0,2444.0,1171.0,437.0,102.0,0.0,2.0,0.0,2.0,1.0,0.0,3.0
"1,541","10,000",1752.0,1649.0,229.0,661.0,448.0,471.0,799.0,1141.0,1404.0,942.0,672.0,50.0,3.0,1.0,0.0,0.0,1.0,2.0
270,"10,000",921.0,913.0,44.0,124.0,129.0,142.0,385.0,648.0,914.0,603.0,391.0,34.0,2.0,0.0,0.0,1.0,2.0,3.0
704,"4,500",16123.0,15725.0,3570.0,4767.0,11627.0,8012.0,8796.0,10232.0,9357.0,5419.0,3245.0,268.0,20.0,2.0,0.0,1.0,2.0,5.0
391,"5,000",4894.0,4690.0,1079.0,1592.0,1374.0,1481.0,2675.0,3337.0,2887.0,2005.0,980.0,41.0,11.0,1.0,0.0,1.0,2.0,4.0
533,"35,000",1797.0,1748.0,75.0,218.0,261.0,278.0,656.0,1435.0,1735.0,1361.0,792.0,98.0,10.0,1.0,0.0,1.0,3.0,5.0
45,260,5520.0,5257.0,1114.0,1710.0,1450.0,1525.0,2838.0,3527.0,2944.0,2023.0,985.0,41.0,13.0,1.0,0.0,1.0,2.0,4.0
307,"19,000",6022.0,5790.0,1406.0,1701.0,1724.0,2345.0,3448.0,4496.0,3654.0,2411.0,1319.0,66.0,21.0,0.0,3.0,0.0,1.0,4.0
630,"25,000",6033.0,6187.0,2001.0,2441.0,2568.0,2941.0,3920.0,4262.0,3278.0,1699.0,892.0,46.0,9.0,0.0,3.0,1.0,2.0,6.0
285.8,100,1577.0,1572.0,509.0,515.0,688.0,807.0,898.0,1056.0,762.0,312.0,194.0,13.0,9.0,0.0,0.0,0.0,1.0,1.0
368.69,1200,13466.0,13650.0,5295.0,6664.0,6631.0,7640.0,9944.0,10217.0,7520.0,3601.0,1667.0,92.0,15.0,0.0,2.0,1.0,3.0,6.0
121.44,15700,15514.0,14826.0,7354.0,7264.0,8375.0,10243.0,12261.0,11044.0,6559.0,2390.0,1050.0,110.0,14.0,1.0,1.0,1.0,2.0,5.0
121.44,24000,15514.0,14826.0,7354.0,7264.0,8375.0,10243.0,12261.0,11044.0,6559.0,2390.0,1050.0,110.0,14.0,1.0,1.0,1.0,2.0,5.0
356,5549,18679.0,17648.0,5034.0,7531.0,8260.0,8429.0,10906.0,12441.0,10024.0,5323.0,2073.0,112.0,10.0,2.0,1.0,1.0,1.0,5.0
585,600,15829.0,15724.0,5213.0,6182.0,5585.0,6903.0,10480.0,11341.0,9449.0,5312.0,2718.0,232.0,13.0,0.0,2.0,3.0,2.0,7.0
616.6,1777,2200.0,2219.0,505.0,578.0,551.0,754.0,1187.0,1552.0,1347.0,921.0,643.0,45.0,11.0,0.0,0.0,0.0,1.0,1.0
307.9,,563.0,583.0,308.0,225.0,238.0,338.0,388.0,320.0,198.0,40.0,7.0,0.0,4.0,0.0,0.0,0.0,2.0,2.0
,180,2742.0,2795.0,935.0,1711.0,2209.0,1711.0,2267.0,2724.0,1257.0,497.0,175.0,10.0,8.0,0.0,0.0,0.0,1.0,1.0
,260,5324.0,5333.0,2462.0,2713.0,2232.0,2835.0,3875.0,3825.0,2296.0,693.0,195.0,7.0,6.0,0.0,0.0,0.0,1.0,1.0
,350,391.0,411.0,131.0,254.0,162.0,156.0,395.0,358.0,316.0,186.0,126.0,34.0,2.0,0.0,0.0,0.0,1.0,1.0
,"1,800",544.0,607.0,216.0,168.0,116.0,268.0,438.0,424.0,380.0,141.0,104.0,0.0,1.0,0.0,0.0,0.0,1.0,1.0
,240,469.0,438.0,163.0,175.0,174.0,304.0,341.0,336.0,136.0,104.0,64.0,13.0,1.0,0.0,0.0,0.0,1.0,1.0
,960,563.0,583.0,308.0,225.0,238.0,338.0,388.0,320.0,198.0,40.0,7.0,0.0,3.0,0.0,0.0,0.0,2.0,2.0
370.6,1200,10752.0,10674.0,3331.0,4811.0,5084.0,5657.0,7660.0,8813.0,7761.0,3879.0,1906.0,80.0,19.0,2.0,0.0,0.0,2.0,4.0
495.6,2800,7556.0,7650.0,2121.0,2477.0,3111.0,3678.0,4404.0,4814.0,4943.0,2514.0,1177.0,51.0,12.0,1.0,0.0,0.0,2.0,3.0
1493.4,21500,1797.0,1748.0,64.0,211.0,237.0,250.0,616.0,1302.0,1531.0,1196.0,652.0,92.0,6.0,1.0,0.0,1.0,3.0,5.0
16565,10000,137.0,185.0,21.0,31.0,108.0,110.0,102.0,178.0,141.0,72.0,34.0,14.0,2.0,0.0,0.0,0.0,1.0,1.0
377.4,5000,9430.0,9260.0,1907.0,2404.0,3253.0,4483.0,5033.0,6033.0,7057.0,4548.0,1747.0,55.0,17.0,0.0,0.0,0.0,1.0,1.0
1036,501,3520.0,3541.0,581.0,838.0,751.0,792.0,1626.0,1375.0,1658.0,1150.0,295.0,38.0,12.0,1.0,0.0,0.0,1.0,2.0
424.6,669,9728.0,11993.0,5426.0,4063.0,4441.0,8184.0,9434.0,7806.0,5696.0,2266.0,876.0,28.0,11.0,1.0,0.0,0.0,1.0,2.0
630.4,,18835.0,18906.0,4902.0,5848.0,9569.0,9952.0,11053.0,12503.0,12281.0,5865.0,3140.0,280.0,7.0,0.0,2.0,2.0,1.0,5.0
709.9,40000,16773.0,16491.0,3555.0,5784.0,7922.0,7045.0,9438.0,11457.0,10340.0,6364.0,3444.0,280.0,12.0,0.0,0.0,0.0,1.0,1.0
"2,159","45,000",4947.0,5381.0,695.0,1299.0,1734.0,1434.0,2483.0,3577.0,3919.0,2450.0,2062.0,193.0,23.0,1.0,2.0,0.0,1.0,4.0
"1,203","20,000",4909.0,4499.0,1459.0,2091.0,1692.0,2177.0,3579.0,3103.0,2030.0,1145.0,563.0,10.0,5.0,2.0,1.0,1.0,1.0,5.0
"1,733","89,770",1868.0,1783.0,715.0,975.0,895.0,1239.0,1474.0,1652.0,1465.0,695.0,302.0,39.0,9.0,1.0,0.0,0.0,1.0,2.0
835,"15,000",12638.0,14566.0,5315.0,5686.0,5402.0,8451.0,9713.0,8007.0,5444.0,2543.0,1204.0,11.0,13.0,1.0,0.0,1.0,2.0,4.0
848,"50,000",4887.0,5103.0,1066.0,1600.0,1769.0,1858.0,2766.0,3669.0,3549.0,2212.0,1354.0,215.0,7.0,0.0,1.0,0.0,1.0,2.0
"1,463","9,400",4619.0,4234.0,461.0,1129.0,2347.0,1280.0,1762.0,2704.0,3576.0,2214.0,1166.0,105.0,0.0,1.0,3.0,1.0,2.0,7.0
"1,738","40,046",9181.0,10035.0,3299.0,3989.0,5755.0,5415.0,6838.0,6946.0,5106.0,2639.0,1280.0,108.0,6.0,1.0,0.0,1.0,1.0,3.0
,"8,000",2067.0,2037.0,371.0,389.0,405.0,413.0,701.0,936.0,1003.0,635.0,232.0,11.0,3.0,1.0,0.0,1.0,1.0,3.0
"2,579","300,000",3804.0,3818.0,506.0,925.0,987.0,945.0,1876.0,2040.0,2779.0,1644.0,890.0,44.0,11.0,1.0,0.0,0.0,2.0,3.0
824,"250,000",10224.0,10304.0,2449.0,7010.0,8428.0,4521.0,6936.0,7210.0,5707.0,2934.0,1554.0,169.0,11.0,0.0,0.0,1.0,2.0,3.0
488,"12,000",568.0,593.0,35.0,102.0,226.0,191.0,346.0,701.0,1265.0,705.0,398.0,33.0,17.0,1.0,0.0,0.0,1.0,2.0
276,"12,000",3346.0,3472.0,660.0,835.0,1588.0,1488.0,1735.0,2475.0,2313.0,1134.0,600.0,28.0,16.0,0.0,0.0,1.0,1.0,2.0
913,"62,500",2900.0,2848.0,180.0,278.0,366.0,503.0,806.0,1872.0,3259.0,2659.0,2014.0,321.0,13.0,1.0,0.0,1.0,1.0,3.0
"3,421","20,500",4711.0,4501.0,744.0,1123.0,1234.0,1431.0,2322.0,2982.0,3839.0,2657.0,1492.0,166.0,4.0,1.0,0.0,1.0,1.0,3.0
"2,518","80,000",6932.0,6476.0,969.0,3294.0,4493.0,1821.0,3405.0,4251.0,4499.0,2501.0,1723.0,230.0,3.0,0.0,1.0,1.0,1.0,3.0
"1,542","32,000",2453.0,2464.0,783.0,1016.0,1007.0,1251.0,1824.0,1937.0,1079.0,314.0,131.0,0.0,11.0,1.0,0.0,1.0,2.0,4.0
120,700,2101.0,2091.0,266.0,457.0,523.0,488.0,735.0,1431.0,1594.0,915.0,510.0,36.0,12.0,1.0,0.0,1.0,1.0,3.0
"1,457","48,000",3323.0,3291.0,1044.0,1347.0,1845.0,1832.0,2153.0,2357.0,1991.0,591.0,233.0,11.0,13.0,2.0,1.0,1.0,1.0,5.0
446,"20,000",5978.0,5693.0,834.0,1476.0,1549.0,1485.0,2327.0,4085.0,5234.0,3428.0,2291.0,206.0,15.0,2.0,1.0,0.0,2.0,5.0
"2,669","120,000",7626.0,7444.0,1258.0,2379.0,2567.0,2085.0,3956.0,5176.0,5710.0,3563.0,2140.0,281.0,8.0,2.0,0.0,1.0,1.0,4.0
462,"112,308",4088.0,4127.0,500.0,718.0,1073.0,1178.0,1752.0,3350.0,4992.0,3082.0,1740.0,120.0,8.0,1.0,0.0,0.0,2.0,3.0
"1,407",3000,10785.0,10676.0,3220.0,4582.0,4782.0,5486.0,7282.0,8526.0,7507.0,3715.0,1826.0,80.0,18.0,2.0,0.0,0.0,2.0,4.0
356,"260,000",7556.0,7650.0,2121.0,2472.0,3082.0,3587.0,4291.0,4578.0,4489.0,2230.0,981.0,39.0,12.0,1.0,0.0,0.0,2.0,3.0
729,"200,000",5293.0,5452.0,884.0,1647.0,2285.0,1814.0,2765.0,3738.0,3548.0,2197.0,1222.0,97.0,1.0,2.0,0.0,1.0,1.0,4.0
920,"40,000",7570.0,7478.0,2694.0,3436.0,3680.0,3711.0,5247.0,5987.0,3758.0,1131.0,327.0,0.0,11.0,0.0,0.0,0.0,1.0,1.0
439,"45,000",226.0,247.0,99.0,140.0,216.0,261.0,277.0,204.0,120.0,40.0,21.0,0.0,5.0,0.0,0.0,0.0,1.0,1.0
1691.46,"1,200",8098.0,7546.0,1343.0,2184.0,4533.0,2976.0,3505.0,3992.0,3717.0,2035.0,1211.0,125.0,7.0,1.0,0.0,0.0,1.0,2.0
412.72,"21,704",3908.0,3656.0,908.0,1995.0,1135.0,1246.0,2568.0,2669.0,1658.0,1174.0,770.0,108.0,9.0,1.0,0.0,0.0,2.0,3.0
,"8,990",12638.0,14566.0,5315.0,5686.0,5402.0,8451.0,9713.0,8007.0,5444.0,2543.0,1204.0,11.0,11.0,1.0,0.0,1.0,2.0,4.0
288,"3,604",15399.0,16041.0,5692.0,7318.0,10577.0,12403.0,11618.0,7879.0,4893.0,2171.0,855.0,63.0,14.0,1.0,0.0,1.0,1.0,3.0
492,833,4619.0,4234.0,461.0,1129.0,2347.0,1280.0,1762.0,2704.0,3576.0,2214.0,1166.0,105.0,0.0,1.0,3.0,1.0,2.0,7.0
264,"8,320",18252.0,19303.0,6862.0,9077.0,9072.0,10244.0,13622.0,11992.0,8064.0,3526.0,2136.0,208.0,4.0,0.0,0.0,0.0,1.0,1.0
419,"12,152",3177.0,3019.0,251.0,640.0,680.0,623.0,1265.0,2134.0,3709.0,2535.0,2108.0,156.0,6.0,1.0,0.0,0.0,1.0,2.0
671.9,"10,400",3804.0,3818.0,506.0,925.0,987.0,945.0,1876.0,2040.0,2779.0,1644.0,890.0,44.0,9.0,1.0,0.0,0.0,2.0,3.0
598.4,"6,766",5295.0,6789.0,1144.0,1507.0,2610.0,3779.0,3298.0,3603.0,3977.0,2466.0,1211.0,123.0,12.0,0.0,0.0,0.0,1.0,1.0
635.1,"22,889",10224.0,10304.0,2449.0,7010.0,8428.0,4521.0,6936.0,7210.0,5707.0,2934.0,1554.0,169.0,9.0,0.0,0.0,1.0,2.0,3.0
838,"1,000",614.0,599.0,190.0,272.0,198.0,195.0,392.0,464.0,249.0,72.0,14.0,0.0,14.0,1.0,0.0,0.0,1.0,2.0
,"2,805",561.0,775.0,99.0,189.0,222.0,119.0,337.0,497.0,489.0,369.0,332.0,12.0,1.0,0.0,0.0,0.0,1.0,1.0
551,"14,000",2453.0,2464.0,783.0,1016.0,1007.0,1251.0,1824.0,1937.0,1079.0,314.0,131.0,0.0,9.0,1.0,0.0,1.0,2.0,4.0
920,1,1295.0,1326.0,324.0,402.0,365.0,541.0,751.0,1113.0,1180.0,589.0,387.0,33.0,8.0,1.0,0.0,0.0,1.0,2.0
636.69,"2,808",3794.0,3864.0,439.0,637.0,1025.0,1075.0,1552.0,3203.0,4857.0,2982.0,1692.0,120.0,10.0,1.0,0.0,0.0,2.0,3.0
996,"12,171",14690.0,14967.0,1918.0,3652.0,7724.0,5365.0,6954.0,8242.0,9193.0,5336.0,3165.0,255.0,7.0,1.0,3.0,0.0,1.0,5.0
250.9,"17,506",15340.0,14914.0,4675.0,6430.0,6210.0,7069.0,10085.0,10527.0,9297.0,4368.0,2422.0,105.0,11.0,1.0,1.0,1.0,1.0,4.0
2719.3,"100,300",10527.0,10076.0,2867.0,4187.0,3897.0,4063.0,6435.0,7932.0,6521.0,2974.0,1203.0,44.0,10.0,0.0,0.0,0.0,1.0,1.0
393.4,1440,1088.0,1033.0,335.0,604.0,297.0,406.0,958.0,881.0,868.0,380.0,169.0,0.0,11.0,0.0,0.0,0.0,1.0,1.0
1491,2000,226.0,197.0,212.0,102.0,31.0,124.0,144.0,98.0,74.0,0.0,0.0,0.0,5.0,0.0,0.0,0.0,1.0,1.0
640,3730,1674.0,1594.0,997.0,1012.0,590.0,1337.0,1748.0,1438.0,693.0,193.0,11.0,0.0,5.0,1.0,0.0,0.0,1.0,2.0
385,4000,15146.0,15000.0,5197.0,7013.0,8046.0,9660.0,11207.0,9637.0,6692.0,3558.0,1115.0,151.0,29.0,1.0,0.0,0.0,1.0,2.0
,1400,14920.0,15212.0,5957.0,10026.0,6299.0,7769.0,13648.0,9467.0,5364.0,1945.0,597.0,16.0,24.0,2.0,1.0,0.0,2.0,5.0