index,size,user,Population_woman,Population_man,under10,10대,20대,30대,40대,50대,60대,70대,80대,90대,transit_count,도서시설,전시시설,공연시설,지역문화활동시설,total
1,1148,,14527,14707,2587,3729,3883,4214,6616,10231,12681,6434,3567,348,5,2,0,1,1,4
2,670.6,,5852,6196,1578,1672,1911,1974,2777,3326,3587,2329,1340,83,5,2,2,1,2,7
3,17124,371,38862,35935,9884,13081,16203,14967,21189,24576,22151,14775,9897,1203,11,2,4,1,2,9
4,12885,,424169,434404,145230,173700,247775,279848,310913,286208,200061,79594,27541,1312,17,13,6,3,5,27
5,694,,18210,18114,4857,6738,6704,7276,10717,12892,12157,6016,3297,171,6,2,1,2,1,6
6,2400,,18210,18114,4857,6738,6704,7276,10717,12892,12157,6016,3297,171,4,2,1,2,1,6
7,3066,4992,43249,42039,10527,15449,15791,15893,21994,25083,26348,16477,11281,1022,9,2,7,2,1,12
8,425.28,,42438,41413,10857,15637,15676,16127,22237,24386,25668,15820,10665,955,3,2,5,2,1,10
9,889,2604,81603,82215,19193,30816,39468,34219,47581,56899,51784,25225,13689,820,7,4,5,2,2,13
10,1492,16413,525309,479237,112455,155083,226133,231729,299840,336519,338276,190823,72816,3698,38,17,4,3,6,30
11,3620,2598,15387,14873,2200,3801,3263,3295,6006,9633,12050,9113,6021,557,4,2,3,1,2,8
12,485,,9104,8627,815,2130,2956,1749,3150,6278,7956,5607,4390,561,2,1,1,1,1,4
13,5428,6025,12369,11704,1405,2473,2237,2459,4752,9261,11596,7588,5523,590,0,1,1,1,1,4
14,902,,16105,16361,2875,4893,3671,4267,7961,11575,13511,7877,5218,638,2,1,1,2,2,6
15,4641.06,18189,16105,16361,2875,4893,3671,4267,7961,11575,13511,7877,5218,638,2,1,1,2,2,6
16,640,499,672965,669306,186866,233568,323789,372606,438542,454664,387126,174396,66531,3711,16,22,18,12,12,64
17,6145.27,79381,1412265,1305561,299332,422678,826211,864651,849592,828354,691543,377841,125184,3899,19,50,51,20,5,126
18,,,512285,496217,130848,191410,286503,251364,308574,322351,276926,136930,57604,3757,5,12,8,9,5,34
19,,6039,2011404,1837348,406168,558873,1177507,1151214,1168688,1236501,1060211,592394,236175,6411,29,83,134,37,16,270
20,3987,,332027,318464,86964,133910,174078,150639,199740,214198,170934,91069,42739,3379,17,13,17,8,6,44
21,,,2078920,1893267,418371,568703,1227629,1214625,1203353,1252124,1065010,602611,239178,6290,24,82,135,34,16,267
22,19001,,1330246,1233397,281506,404493,765297,806476,808001,792016,665886,371934,125341,3882,10,49,40,19,7,115
23,10585,,1746702,1617048,356379,502573,977025,945980,1002604,1115609,984798,530719,210661,7085,0,76,78,28,17,199
24,27183,892,31288,35245,11632,14088,15257,19216,25990,22799,15628,7092,3960,332,1,1,2,2,1,6
25,36574,82022,341663,328503,90537,139163,180957,156016,206801,220627,176257,94138,44402,3454,2,17,17,10,8,52
26,926,11964,2059442,1929962,440060,581683,1195077,1254749,1209873,1250428,1103358,573670,207148,7289,21,64,23,20,15,122
27,1358,2657,1647081,1520413,374446,502123,872769,987395,1014292,1006132,861870,455352,147103,5133,28,64,51,24,8,147
28,14850,7150,1404793,1353593,335213,447370,699281,775457,858683,981306,849393,360899,133361,8269,13,38,14,13,10,75
29,445,650,981885,962023,258401,341224,475938,527224,625066,667863,567406,252180,96709,5798,5,32,19,16,14,81
30,972,,9626,9376,667,1311,1522,1557,3012,5845,7826,6134,4500,599,3,1,0,1,1,3
31,2799,30950,622881,595159,182561,210496,276711,355236,405907,387386,345403,163597,49397,2687,34,20,9,2,4,35
32,2241,546,1230770,1138415,245133,369198,664072,615199,700238,792358,705702,387580,157809,5449,27,51,30,13,10,104
33,,,167423,166003,41944,55811,63218,70847,96654,119243,116700,54868,21439,1984,10,5,3,5,1,14
34,863,11005,202952,207297,52786,72292,78794,86871,120591,143554,139155,65133,27005,2171,8,6,2,5,1,14
35,661,,208960,210884,51339,71729,80539,86626,120372,148331,145195,68451,28046,2371,24,7,3,5,1,16
36,12943,21978,196801,201520,52820,72169,77434,86026,120740,140950,136131,63342,25709,2044,7,8,2,5,2,17
37,3095,6804,35145,38349,6250,10947,19661,13192,17018,26720,26230,11875,6428,458,5,4,1,1,1,7
38,4518,5768,47562,55725,15913,20347,22568,28000,37826,33338,23711,10815,5639,373,11,3,1,2,1,7
39,5099,2145,207466,222507,71254,80374,112844,133684,148778,141778,93806,39342,17216,992,23,9,0,1,0,10
40,6723,6954,202197,212128,73336,81428,102586,126655,144840,135838,91983,38671,18209,992,28,7,0,1,2,10
41,893,8604,584495,565097,158330,207659,282957,324614,361410,410515,333010,133932,54564,3245,14,24,9,8,6,47
42,624,,4540,4721,242,414,608,666,1341,3491,5271,3064,1680,96,4,1,0,1,1,3
43,,15829,465013,438986,137363,184030,206888,239374,308471,328967,219057,94638,50788,3345,8,21,5,4,6,36
44,3672,2220,316849,308961,100387,124859,138953,168524,213424,221991,152627,68809,35263,2693,11,16,1,3,4,24
45,3159,6254,503357,501666,146706,194915,250888,273424,338366,333550,260062,113151,44984,2831,13,19,16,8,8,51
46,455,2998,97458,99099,38667,39534,37070,59562,73585,57378,49009,23372,9305,648,3,3,5,1,1,10
47,9768,2878,54470,53652,11597,20018,15689,18972,33323,38773,39670,20969,8363,435,7,4,4,2,1,11
48,7753,19377,54171,53418,11622,19968,15383,18835,33335,38416,39187,20660,8350,430,2,4,4,2,1,11
49,1878,,864635,793472,211715,278832,404378,477201,533285,565641,456657,219409,98341,4620,10,22,17,5,4,48
50,991,4943,19919,20176,3516,5474,7200,6425,9793,13880,14482,9811,5857,553,3,2,1,1,2,6
51,4339,5177,20925,21070,3705,6274,5457,6147,11800,15235,17157,10628,4923,315,8,3,2,1,2,8
52,10041,2597,27198,27781,7481,7444,7319,12146,16719,18186,19460,11329,7049,552,3,2,3,1,2,8
53,,527,326283,328385,101485,127640,174633,183409,210862,210782,167900,72568,34614,2396,0,14,14,3,3,34
54,5753,19212,81448,81802,19197,30778,39492,34241,47639,56995,52179,25487,13833,830,21,4,5,2,2,13
55,5057,382647,1986182,1819254,405610,569813,1147923,1122053,1159132,1217408,1031903,573192,224959,6328,27,85,135,37,16,273
56,,,335051,343701,114296,144506,193281,209447,229876,207928,141845,55328,25820,1836,9,11,9,4,0,24
57,,8635,28493,28432,8203,10670,7782,11053,15895,16614,18314,11573,7527,588,8,2,6,1,0,9
58,4410,170,27862,26291,5618,8653,8190,8195,13655,18857,18811,12822,8560,770,1,3,3,3,1,10
59,3542,4453,137917,130652,34162,51792,73982,60300,74944,85680,78535,38419,22217,1360,7,8,11,4,2,25
60,3392,19625,139455,132203,34537,52392,75324,61636,76055,86075,78516,38360,22021,1359,12,9,13,4,2,28
61,1523,2420,139133,131909,34504,52340,75279,61590,75986,85915,78311,38261,21911,1359,2,9,13,4,2,28
62,5828,49998,359412,356570,105280,140161,190179,190774,227461,236021,186106,78665,36071,2297,6,12,13,3,4,32
63,2809,9553,355350,351996,101029,137508,188918,185633,222746,234467,185685,78675,36230,2287,6,12,13,3,4,32
64,3718,5920,8811,8802,1243,1787,2048,2285,3444,5904,8472,5688,4079,527,6,1,3,1,1,6
65,5000,,3964,3819,404,330,978,1180,1167,2572,3903,2728,2454,195,9,1,1,1,1,4
66,1772,3345,4833,4975,1625,1744,1965,1933,2800,4080,4822,2618,1529,116,1,1,0,1,1,3
67,24493,62664,84410,85760,21643,34966,43864,39402,53846,56607,49720,22848,12778,1236,4,3,7,2,1,13
68,11454,4746,367934,376529,129967,161882,208760,233225,258421,226027,150952,58925,26116,1639,18,11,8,5,2,26
69,2699,,335058,342991,113302,140985,187022,205372,227161,205489,139451,53989,25155,1768,12,11,9,4,0,24
70,4942,22103,109354,119178,41090,41829,60301,75348,75037,66549,47735,19728,9273,495,9,2,0,1,1,4
71,2225,,312223,318364,107734,132552,176674,197849,214525,193353,131225,50521,23490,1737,10,10,11,5,0,26
72,,29,706644,660988,148969,199429,342173,329967,385689,452625,467150,247866,93248,5068,27,13,16,4,10,43
73,11050,,1190289,1100855,239215,360086,641321,596540,680442,770373,684291,374858,152211,5379,21,51,23,13,8,95
74,4760,5859,13395,13146,2118,3258,3107,3575,5703,8873,11924,7519,5303,486,8,1,1,1,1,4
75,3490,150,209364,215335,51857,78206,97896,106599,135813,161849,127767,47504,15780,981,0,6,4,2,3,15
76,4967,,20131,22469,4726,7030,8338,7868,11569,15047,15280,8599,5513,450,1,2,2,1,2,7
77,1808,,136503,132583,36907,55433,74120,61218,83550,89513,77391,39413,16657,1089,6,6,5,2,1,14
78,6568,,58869,61390,23252,25978,24113,32257,46605,43830,33848,14090,6044,616,19,4,9,1,2,16
79,1493,,5976,5974,726,1780,1319,1203,2364,4350,5152,3616,2538,249,6,1,2,1,3,7
80,945,,4348,4449,526,632,766,1058,1422,2894,3882,2666,1884,170,6,1,2,1,0,4
81,4687,,9653,9263,1854,1989,1556,2291,4077,5587,6589,5635,3764,277,2,2,6,1,1,10
82,2508,,114109,117217,28865,38651,45273,46175,64676,78498,69858,40831,16274,1235,11,5,1,3,1,10
83,541,,28031,26469,5669,8799,8194,8203,13738,19245,19094,12972,8735,795,12,3,3,3,1,10
84,764,502,27862,28720,9809,9047,11331,15730,17719,18572,17707,8851,4548,215,5,3,1,1,2,7
85,3151,,711103,683602,203921,246140,326257,414468,466142,462651,384336,178048,59543,2920,3,26,9,8,4,47
86,1925,4081,2016801,1870683,450289,613012,1099379,1139929,1217060,1246980,1084362,572824,201553,6471,17,77,46,24,14,161
87,1343,,699655,662091,225497,305919,318830,369434,502224,445727,288246,150966,61580,3966,18,22,16,10,3,51
88,1185,20266,1994512,1814682,387168,532197,1150094,1108020,1115229,1226270,1079336,600171,246942,6811,14,74,135,33,17,259
89,,,1957762,1789255,396741,546651,1144027,1113296,1132123,1205072,1033892,575796,230613,6632,35,81,138,37,16,272
90,4160,2342,57043,56487,13142,19829,24815,21152,30941,40202,40156,19859,9954,513,4,5,3,1,3,12
91,6622,5672,190330,184669,63171,80112,87800,93731,122989,127630,91716,43929,19656,1776,5,6,16,6,11,39
92,,,180013,175035,60599,76465,82249,89117,116811,120757,86613,41507,18157,1616,10,6,15,6,9,36
93,8606.8,32575,188087,182660,62526,79517,86940,93001,121381,125245,89558,42316,18662,1664,2,6,15,6,11,38
94,5811.56,20130,180251,175277,60688,76590,82347,89211,116977,120891,86723,41542,18164,1616,14,6,15,6,9,36
95,34042,,6759,6786,2203,2656,2339,2801,4288,4443,3313,1773,985,168,0,0,6,1,0,7
96,879.45,,166147,161174,55958,70568,75855,81932,107819,110297,79943,38872,17121,1465,0,5,16,6,9,36
97,1955,,179534,174544,60781,76858,83191,89480,117232,121384,86499,41181,17955,1560,10,6,15,6,9,36
98,1067,2389,37457,36068,8027,12951,11950,11841,20832,26220,23521,15584,10042,889,4,3,2,3,2,10
99,2017,1987,38755,37345,8194,13210,12260,12079,21352,26910,24611,16441,10473,961,8,3,3,3,2,11
100,6271,593,5771,5944,1133,1971,1599,2189,3501,4640,5000,2916,1462,64,6,1,3,1,3,8
101,6749.2,962,311473,298679,80680,123995,165617,142434,186183,202166,161350,85468,39445,3192,6,13,18,8,6,45
102,486.5,,322194,308919,83707,129360,170087,146003,192746,207628,165383,87867,41080,3313,10,13,17,8,6,44
103,3080.79,4015,329759,316241,85990,132747,173210,149597,197888,212943,170194,90843,42612,3379,18,13,17,8,6,44
104,8595.041,31952,336060,322724,88467,135928,176349,153078,202655,216941,172298,91580,42982,3471,15,16,17,9,8,50
105,8936,,104447,107266,28261,36452,43142,45484,61674,73561,65069,36938,14518,1111,7,5,1,2,0,8
106,1648,2997,10909,10188,1161,2628,2120,2070,3753,7537,9272,7124,5323,502,0,2,3,1,1,7
107,,8332,925926,914332,272894,357839,484871,529318,616676,610954,428235,185775,70588,3725,16,33,11,10,6,60
108,482,,4619,4508,533,1219,915,923,1900,3412,4405,3151,2319,183,2,1,0,1,2,4
109,3546,6712,12969,12467,2316,2805,2785,2964,5373,7604,8896,7321,4881,342,3,2,3,1,1,7
110,690,22208,612857,588581,177131,236904,279265,332748,416845,401554,296282,153439,59275,2859,7,16,9,10,5,40
111,1140,3,90092,88313,19295,31568,46231,34623,51806,59070,56775,31114,15176,1132,12,3,15,4,3,25
112,23768.26,5651,836715,826227,220661,279467,400231,453800,528089,561442,478173,212746,82018,4943,29,30,19,14,14,77
113,4357,,1283621,1248111,316977,425211,629073,689108,796816,896379,762925,323186,123512,8134,13,40,15,11,7,73
114,8780.69,2062,688571,682180,178235,236607,335087,363782,434993,456293,389405,178728,69672,4242,4,26,20,12,11,69
115,1184.5,,1051330,1028915,272990,361366,507732,564831,662203,713853,606767,265633,102410,6330,4,35,19,16,14,84
116,514,13467,1110573,1068678,288294,380209,545885,623977,706245,784522,645042,262873,97305,6112,2,34,11,11,9,65
117,651,50,710284,705148,195423,245821,342613,392682,460897,480922,408977,183441,70643,4131,14,22,19,14,13,68
118,5079.484,1706,1051330,1028915,272990,361366,507732,564831,662203,713853,606767,265633,102410,6330,4,35,19,16,14,84
119,5506,,989882,968005,248781,330626,488730,538249,616818,685546,571938,246251,96090,6048,9,30,19,13,13,75
120,14435.21,14097,1143019,1112978,283369,380159,565992,623938,714154,797444,671358,285531,109942,7105,16,40,20,18,14,92
121,43313,107452,1257119,1226897,313967,424690,612655,668491,780758,864326,730338,314512,121234,7874,31,43,16,16,14,89
122,6795.45,7583,5963,6343,1394,1414,2463,2797,2559,4394,5201,2801,1808,117,5,2,2,1,1,6
123,5728.5,23431,125488,124054,27058,48416,67588,47763,70082,85576,76323,42623,21733,2110,7,8,6,2,2,18
124,11843,21111,92240,98364,27520,36353,49873,53162,59100,60817,48977,21136,9630,527,6,3,3,1,1,8
125,22372,,451977,425590,101933,142012,207421,216993,262197,309961,268437,137714,62331,4079,8,17,1,6,4,28
126,409,4086,436345,411998,100729,139193,196936,208098,255870,297292,252486,130745,58481,3745,26,16,1,4,2,23
127,7990,,721996,700527,189754,260899,356811,385781,444529,502554,396357,163945,66653,3948,3,29,5,9,6,49
128,3401,3895,9198,8703,2975,2649,4042,4620,5470,7380,6339,3606,1601,40,3,1,0,1,1,3
129,1018,4071,8990,8809,3200,3427,3125,4580,6894,6061,6066,2990,1343,147,10,1,1,1,1,4
130,916,5148,12251,12707,2080,3251,3361,3870,6118,9663,11540,6577,3736,313,3,1,2,1,2,6
131,10407,15846,406954,393479,97409,120284,187073,194621,233312,258573,274118,142922,53126,3482,10,6,6,1,7,20
132,862,3963,1269108,1138410,268707,352457,701390,740341,725595,756197,638023,345433,146318,4702,14,41,108,19,13,181
133,28067,7781,751672,771157,280029,320796,401760,503969,568043,461652,295607,112221,37456,1944,21,29,11,9,6,55
134,7807,2658,162943,157827,43752,60832,78153,78286,98798,107917,91758,38596,20906,1425,14,4,6,3,3,16
135,6413,12566,168049,163072,46333,63199,80848,82544,102734,112293,95643,40491,21986,1482,6,4,5,3,3,15
136,706,,5441,5237,1748,1204,1410,2692,3167,4472,5247,3244,2531,230,5,1,0,1,0,2
137,2854,5212,194250,197234,50040,73713,91314,89052,122175,149983,114539,46091,14273,752,20,5,1,1,0,7
138,7741.49,17359,370532,380526,112619,144953,167704,191010,245913,285977,211828,80522,23981,1292,12,12,4,4,5,25
139,3714.26,13644,329719,340687,108054,127368,137177,180062,223253,245355,192263,73278,20811,1149,2,12,4,4,5,25
140,14567,52042,323417,334417,93367,120168,151918,168359,208805,253998,195609,75534,21914,1079,18,10,5,4,5,24
141,4347.19,,3386,4111,479,665,921,1034,1623,2453,2783,1448,824,69,5,1,1,1,1,4
142,13826,54985,719384,682135,228286,308225,337408,387578,512838,461127,306212,159250,65215,4143,35,23,18,10,3,54
143,,10485,412179,404883,150788,184421,197002,233280,308176,256130,158841,78373,31699,2526,10,11,13,4,2,30
144,13647,8493,865862,830744,258636,358028,427433,470556,600748,555850,370101,186748,76597,4889,37,31,18,10,3,62
145,4882,15974,255243,249619,92518,112374,118299,138253,189096,156081,102781,50953,20085,1515,12,5,7,3,1,16
146,7178,4836,339854,334044,127240,151918,159428,193806,256556,211639,135001,67664,27659,2284,19,10,11,4,2,27
147,8519,6082,2068055,1902036,414095,576677,1304045,1264342,1200923,1212514,1013760,571295,216960,5930,16,77,139,39,16,271
148,900,,113214,112291,38792,53870,55913,55250,77759,73966,55496,27529,13560,1185,4,6,5,4,2,17
149,1760.19,,176782,174303,53447,76522,101814,88638,114876,112761,84942,44185,21281,1868,3,10,3,5,4,22
150,7289,,9745,9747,2359,2516,2797,3488,5009,7535,7997,5715,4066,339,2,1,1,1,2,5
151,,,839800,767068,181962,247355,382184,381023,480286,524523,530271,304507,118556,6155,32,22,17,8,10,57
152,1447122,878821,1544167,1449499,372712,487674,787802,918614,967633,951105,826110,415402,125822,4835,0,54,21,14,6,95
153,935,1984,18281,18210,2594,5160,4719,4240,8287,11893,15608,9258,6008,699,10,2,0,1,1,4
154,802,2800,1544843,1459425,357915,494122,755270,868672,940464,1019946,895437,401081,139524,7628,14,54,17,14,11,96
155,9489.17,11369,416627,432670,183078,198034,196981,287070,341855,240382,144906,53308,17142,879,14,20,3,3,4,30
156,,4320,1851351,1762772,402869,542407,1020189,1111489,1102835,1167507,1034214,508136,176209,7690,17,62,16,22,13,113
157,1087,,17048,16264,3594,5010,5684,5445,8914,12487,13946,8517,5773,423,7,1,0,1,1,3
158,1015,3999,5866,5054,1129,1251,1161,1638,2718,3888,4320,3133,1913,150,5,0,0,1,1,2
159,25145.98,72298,115564,118661,29711,39385,46584,48227,66179,80803,72312,42248,16997,1296,2,6,1,4,1,12
160,12716,1101873,1359490,1258791,285005,408447,794736,824847,817911,801419,671046,374312,126233,3841,27,53,45,20,6,124
161,46979,18368,692642,666972,190921,275993,369825,330629,437317,456153,341764,175266,73810,5364,13,25,24,15,13,77
162,2685,2622,23486,23433,3075,6479,6477,6471,10545,15022,19562,12181,7836,703,8,2,1,1,2,6
163,859,9643,36168,36218,9196,11089,11564,13933,20259,24679,25975,15704,8926,681,22,2,3,1,2,8
164,1295.06,211,41402,40044,5864,12005,13644,10884,18484,26805,31641,19751,11774,1032,9,2,0,2,1,5
165,2351.47,1682,41051,39691,5197,11729,13507,10063,17885,26243,31350,19712,11787,1084,0,2,0,2,1,5
166,3100,,10730,11048,1504,2986,3054,2862,4818,7748,10140,5705,3200,187,11,1,11,1,2,15
167,3000,,7940,7622,1918,2510,2393,2583,4525,5417,5364,3757,2192,250,7,2,5,1,1,9
168,768,4295,2161942,2013353,450740,598887,1268415,1320914,1259881,1296355,1139170,609060,222674,7057,23,72,39,24,18,153
169,4594,6,12040,11552,1581,2849,3119,2885,4876,8412,10817,6657,4369,403,0,2,1,1,2,6
170,4025.83,8816,444336,417053,79293,122266,209799,186350,238539,280873,309619,188265,75853,3907,22,12,20,6,15,53
171,6521,1942,15740,15037,2920,3923,4000,4292,6476,9917,11507,8360,6328,564,4,2,0,1,1,4
172,6531,6596,9865,10616,3349,3774,4456,5194,5824,6674,7000,3697,2080,87,5,2,1,1,2,6
173,110561.43,,1557986,1433418,333836,462983,897962,954150,935741,924626,780488,420353,140621,4470,5,61,56,26,7,150
174,5265,971,114109,117217,28865,38651,45273,46175,64676,78498,69858,40831,16274,1235,11,5,1,3,1,10
175,2750.45,15384,267234,260140,63022,93126,135162,118742,160855,192402,156803,78144,32251,1722,1,10,1,2,5,18
176,1128,16823,2010335,1897056,427524,576546,1164067,1219817,1186913,1233647,1093340,560390,198641,7398,17,62,19,18,14,113
177,730,1299,322902,310962,88637,116214,149509,158711,203610,222342,175321,87486,40100,2981,8,13,2,3,2,20
178,884.42,962,9222,9322,1704,2089,2590,3135,4755,6569,7784,4572,2364,152,6,1,2,1,1,5
179,2130,14676,144441,140797,49751,54418,58006,75011,97525,94535,80091,36409,15012,1186,12,4,4,3,1,12
180,826,,7931,8164,2077,2530,3185,3488,3391,5006,5798,2822,1792,87,5,1,4,2,2,9
181,,,7931,8164,2077,2530,3185,3488,3391,5006,5798,2822,1792,87,7,1,4,2,2,9
182,,30412,667310,645478,175772,228751,317801,367626,406133,459860,382883,159910,64023,3547,29,30,7,8,6,51
183,14000,25380,59912,62851,14524,24189,29534,25837,36403,38033,32618,16239,8387,613,5,3,3,2,1,9
184,547,,47878,49731,11223,18186,24712,20778,27306,31090,28587,14382,8034,645,4,3,3,2,1,9
185,"4,829.77",1789,427147,446372,118498,161681,246653,240168,285691,332153,217255,75792,31819,2291,5,19,7,3,2,31
186,14413,102168,418591,438636,116205,159834,243272,234879,280881,326656,212827,73848,30774,2234,19,20,7,3,2,32
187,6927,38011,62216,59660,14426,20481,24882,22537,33055,39671,40392,23683,13682,1263,11,5,4,1,1,11
188,"5,483.66",52136,424435,421769,121771,162892,211324,225596,281038,284818,228434,101554,40858,2498,3,18,15,9,9,51
189,4989,61338,678556,639119,151509,220418,316711,300951,393777,454349,405099,227837,99055,4635,11,21,14,9,5,49
190,373,967,134026,139123,44787,64096,67576,72954,94949,80981,58478,28553,14204,1042,12,5,7,4,4,20
191,8403,3713,121376,125848,39316,58289,61701,65183,84979,72696,53109,26579,13316,1004,9,5,6,4,3,18
192,5028,20896,2033539,1852952,394146,542695,1176017,1140038,1144736,1246018,1089463,605638,246894,7217,12,76,137,36,19,268
193,,2943,121992,119847,48148,49012,45768,68085,88533,78700,61865,25744,10021,823,8,4,3,2,1,10
194,165.87,1216,1998139,1819989,411643,552594,1173145,1194137,1151463,1175865,1004866,556102,218605,6641,33,63,120,31,16,230
195,,,109529,113116,32645,50647,56336,55405,73836,65105,49108,25120,12548,929,3,5,6,4,3,18
196,1264,,1158333,1116411,297139,387385,560338,634935,728147,788115,668710,288019,105887,6512,12,34,12,11,8,65
197,"2,039.04",,1173564,1131017,298553,388541,566780,643135,733451,793353,675844,291974,107203,6607,12,35,12,11,8,66
198,2089,,392935,410618,125163,172927,213302,227705,287265,291765,185700,61358,23960,1962,18,12,4,2,2,20
199,8084,1580,1221843,1174911,305947,406207,583357,659403,762397,842074,720437,311890,116177,7145,11,33,13,11,8,65
200,6507,25739,134092,131784,42121,55333,60702,60642,82298,93094,71785,35855,18637,1797,20,8,4,1,2,15
201,354,,10539,10032,1501,2551,2455,2400,4058,6918,8047,6362,4810,538,10,2,2,1,1,6
202,878.3,,788170,750348,206401,260105,369736,457208,491868,495678,423913,199030,60554,2620,8,26,15,6,4,51
203,"17,462.67",7107,1019695,1015527,319110,414475,550074,601115,712353,667873,445216,202201,75504,3712,14,40,16,11,3,70
204,550,,887600,878769,267396,350516,474074,516892,601352,590078,410810,177135,66618,3457,11,33,11,9,6,59
205,3228,4622,1045979,1042411,338862,438779,559176,620211,745986,678361,445166,196643,72129,3650,15,40,19,11,4,74
206,3207,,925760,925775,287038,375567,506373,548380,641446,607016,408245,177926,65865,3326,4,37,17,10,5,69
207,"5,542.24",27411,860644,844772,243192,330743,454284,483825,566786,582626,428475,181971,70059,3638,12,29,12,11,6,58
208,14777,,767502,718387,156089,242880,361039,328139,430189,522849,475859,261018,112160,5217,8,25,15,12,9,61
209,3998,3649,122527,120884,26690,47594,66355,47011,68787,83483,73619,40661,20032,1929,7,7,3,2,2,14
210,819.3,2451,455124,433797,136022,180635,198989,231831,301220,319944,214558,93089,49814,3422,9,22,4,4,6,36
211,2987,8672,44225,43214,9912,12677,14118,17717,24600,32337,32492,16681,8198,559,13,4,4,1,1,10
212,,26457,2035767,1862072,417386,594823,1154761,1162868,1198188,1247860,1063163,583336,216058,6290,51,92,126,37,17,272
213,53202,696382,1840139,1675745,374701,500902,1087814,1059733,1052805,1106076,946671,537323,221693,5797,34,75,136,30,17,258
214,3010,19454,52619,55409,12927,20975,35330,25020,30220,30623,27534,14292,7343,590,4,4,4,1,2,11
215,1901,7808,39041,39187,8794,13870,16006,15473,22636,27325,27122,13434,7040,626,7,2,9,2,1,14
216,3869.82,8045,14201,14640,1747,2553,3148,3866,5854,11017,14326,8895,5496,566,1,2,1,1,1,5
217,1028.09,13517,2072601,1901956,434989,609172,1142060,1198544,1226746,1267118,1089493,588513,207452,6274,35,84,118,41,15,258
218,9749,40757,252499,258819,67406,91636,119455,132519,161621,199564,157226,57440,19071,1366,4,7,7,2,2,18
219,1002.99,,1710093,1587430,348875,489682,948475,912899,974076,1080614,953002,512533,204274,6869,18,71,55,24,13,163
220,2018,616,1732981,1603169,343597,490009,963296,928252,979093,1097134,969746,524361,209830,6903,18,74,83,30,15,202
221,4943,239191,637500,612265,182689,228080,297701,365901,423100,414167,327305,154679,56603,3075,8,25,8,10,4,47
222,380.91,,641222,616972,182919,242737,292828,348283,431304,418394,313667,161825,62207,3002,7,19,10,11,5,45
223,"4,068.04",302,1156612,1071755,257205,368526,650361,702323,716093,688177,574085,311954,98414,3249,16,40,40,17,4,101
224,648,,17911,17095,2635,4870,4199,4173,7833,11466,14681,10094,6835,822,8,2,2,1,2,7
225,999,4297,40281,41201,9324,13659,15280,15505,23852,30873,26586,12035,5450,486,16,1,3,1,0,5
226,3623.42,,1876066,1751339,444704,575293,992810,1100578,1150580,1149043,998830,511261,167517,5783,27,64,38,17,11,130
227,1773.64,8129,1941483,1768516,385103,516843,1136890,1106499,1103289,1181757,1026798,580817,236638,6135,11,73,135,33,15,256
228,,,2027766,1845861,409778,544802,1197307,1185706,1160197,1208107,1029251,582252,234272,6115,35,84,135,31,15,265
229,,14050,63558,67041,21785,25336,26100,33536,42547,42203,33666,17463,9934,951,7,3,0,1,2,6
230,199.5,2595,76340,74200,17375,26090,32064,28356,42400,54807,50441,27403,14294,1387,12,3,7,2,2,14
231,736,3665,1558703,1409343,335419,437226,866503,928134,904386,920727,778327,419209,173293,5652,13,51,117,25,15,208
232,8481,22468,43228,42259,13994,17976,16360,19313,29817,33227,27356,15714,7687,498,5,5,10,2,3,20
233,807,5403,28288,27818,5577,7991,6941,8604,12810,18320,20762,13355,8669,755,5,1,1,1,2,5
234,3367.18,22082,2025770,1881128,448250,617468,1095658,1161293,1217724,1246813,1082242,566701,192025,6585,0,79,45,23,12,159
235,3567,5051,36532,38907,9452,13398,14771,13411,22480,24214,25150,14158,7940,692,1,2,1,1,1,5
236,788.73,74,6025,5644,392,988,925,1032,1978,3692,4877,3241,2440,415,5,1,2,1,1,5
237,1286,3139,25756,24911,5019,7418,6342,8495,14273,17550,19945,12904,7199,717,0,1,0,1,1,3
238,3018,13404,585682,559447,154594,220645,312065,277237,357419,382505,302915,161095,67574,4590,15,21,27,14,13,75
239,438.41,,657643,631782,180656,257404,345593,312613,413098,426601,326956,171653,71539,5034,10,24,21,15,15,75
240,"1,438.16",,618203,591455,183445,234140,277677,342830,415042,404347,300669,148617,57612,2940,19,18,7,10,5,40
241,"1,158.91",,619393,593180,181929,242497,278052,333405,422606,403539,294182,153618,60218,3042,12,18,10,10,5,43
242,"1,007.77",,657255,632092,192976,253212,297901,358838,450221,432685,324141,166621,64192,3141,23,20,10,11,5,46
243,370.99,,64990,63963,18080,25955,25220,27199,45140,45688,36111,19049,7947,614,7,2,7,1,0,10
244,748.26,396,1941147,1767686,411485,544166,1125061,1150188,1127144,1151435,973222,542768,218368,6414,14,67,122,29,16,234
245,5007.69,30153,1378936,1344510,324336,444761,680609,734310,838381,967531,830028,353385,137264,9225,20,48,19,18,15,100
246,3422.8,50249,1540596,1478645,354045,483210,752345,828340,928448,1059830,928734,405744,146847,8401,15,45,16,13,10,84
247,1593.36,,19189,18681,2626,6190,8061,5147,8143,12480,15093,9165,5749,542,5,1,8,2,2,13
248,674,3588,17208,16302,2910,4933,3925,4670,8123,11028,12766,9722,6404,602,4,2,2,1,2,7
249,"3,252.16",6300,709878,664728,150702,200530,341668,332959,389088,455706,469966,250733,94658,5172,19,16,15,4,14,49
250,597.56,25,940225,860910,190969,270812,431389,417716,522702,584714,601701,350152,137319,6346,19,25,23,9,20,77
251,,71804,1093123,1011684,222840,310476,500291,488261,603685,688416,727980,413974,158320,8520,37,24,29,10,25,88
252,2972.82,6406,699851,654429,149088,200966,337973,324088,382825,449749,462450,242918,91010,5142,33,13,16,4,10,43
253,198.34,300,760516,713459,142288,209545,373056,334749,407718,483559,519469,297030,116022,6093,37,15,24,7,20,66
254,,109041,921158,844877,186526,263487,427350,411131,511812,574768,597760,349547,136389,6286,36,24,25,9,23,81
255,2017,3808,878799,829914,189295,291948,415669,380073,509321,611523,532889,281862,117802,5316,32,32,15,15,13,75
256,4603.5,6717,1457131,1406802,338271,453855,714355,786317,878066,1014539,886550,381067,141035,8142,26,43,14,15,9,81
257,1120,,10614,10671,2279,3445,3812,4159,5390,7301,7924,3876,2400,140,13,2,2,1,1,6
258,2098,2155,6908,6489,771,1012,1025,1003,2093,3667,5073,4071,2949,353,5,1,1,1,1,4
259,6026,5215,33979,34324,8279,11052,10571,12491,19771,22521,22792,13772,7399,677,6,3,3,1,1,8
260,,5792,494360,497260,136541,185453,276486,274835,319584,368946,253377,91762,39542,2649,18,18,7,3,2,30
261,2400,,301263,306760,102300,138579,158628,177819,216395,190998,125755,51063,22465,1467,6,10,8,5,4,27
262,"2,843.83",,1762270,1623125,369209,510140,1049822,1078869,1049507,1042716,878368,481151,168380,5057,30,64,95,33,13,205
263,4487,12755,681176,699541,261097,297731,355169,455591,520206,410918,251528,93476,31445,1825,6,30,11,6,4,51
264,"6,259",7825,35248,33567,7806,10161,10076,13002,18684,23412,28268,16230,8784,614,4,2,1,1,3,7
265,629.38,825,1735475,1599116,365665,505692,981958,1043990,1032057,1040593,894017,481853,161858,5251,18,62,60,29,8,159
266,220,640,1905507,1740687,366983,516902,1091939,1046169,1061137,1180001,1040879,574399,235002,7065,16,80,132,34,17,263
267,5597.61,782,1702687,1555478,373000,488850,912404,1016637,1006482,1032582,886609,469164,183105,6428,8,61,53,17,13,144
268,743,390,1073934,1052867,281840,373669,523865,579591,684526,730743,612341,268836,104498,6579,3,40,20,16,13,89
269,17823,3721,38250,44054,10961,13386,16450,21293,23625,26005,23668,12708,7101,457,18,5,1,1,0,7
270,"3,768,307",,4895,4543,735,1452,1382,1479,2719,3592,4256,2912,1743,228,1,1,4,1,0,6
271,6457,15045,28202,26800,5317,6774,7512,8456,12335,18381,23479,15230,9745,737,2,3,1,1,1,6
272,"4,296.62",3437,13100,13095,1979,3633,3494,3616,5636,8736,9870,7459,5646,511,10,1,0,1,2,4
273,"12,822",9532,141704,140011,39059,57594,57546,58573,89282,90527,79541,48295,22535,1517,4,7,14,3,2,26
274,4925,9875,141187,140336,39081,57469,57491,58504,89233,89978,78291,47668,22243,1526,4,7,14,3,3,27
275,462,,2069005,1934047,440233,580851,1194923,1256459,1211440,1250143,1099165,576373,209751,7141,16,63,25,21,16,125
276,"3,574.22",3002,35878,43235,11423,10852,16857,24482,24355,26477,23289,9956,4957,400,9,2,0,1,1,4
277,219,100,90092,88313,19295,31568,46231,34623,51806,59070,56775,31114,15176,1132,12,3,15,4,3,25
278,,392,36841,36809,8378,12546,15151,14406,21151,25509,24087,12098,5928,436,0,3,10,2,1,16
279,"18,902",47817,2089190,1910931,420890,565277,1254713,1261366,1196826,1225770,1051253,585652,228103,6767,9,66,117,31,16,230
280,"5,247",3493,43356,43982,11852,16036,14395,16850,28530,30908,29245,15106,6935,399,7,3,1,1,2,7
281,78,,894404,844766,189746,295379,424037,385285,515160,625521,542198,287105,120415,5550,16,32,15,15,13,75
282,307,,753520,710816,158835,242220,359250,327971,431732,514666,455965,251850,108266,5017,11,28,14,12,10,64
283,"2,241",856,14766,14599,2324,4058,3251,3770,6155,9489,12077,8261,6248,495,14,3,2,2,2,9
284,"5,519",7283,975941,898455,209348,287287,452841,442051,545291,620989,628461,345438,132962,7266,15,25,22,8,15,70
285,680,1391,73657,73711,17761,26588,32721,31802,43395,52396,44904,25428,13709,944,11,4,2,1,2,9
286,954,,954370,938284,248577,318396,459250,518965,601929,648784,554753,245786,93973,5524,11,32,19,14,14,79
287,,,435902,422118,95087,158512,241676,197081,253625,282842,253910,131821,55986,3635,8,12,6,8,8,34
288,"9,900",7088,1201950,1110287,237429,359722,652443,601199,680135,769248,686100,377618,154306,5316,23,48,39,15,10,112
289,,,1444303,1325248,323722,452756,805962,872810,884300,861533,721199,383535,123950,4250,18,49,48,20,7,124
290,760,4096,342812,329724,90036,137972,179722,155991,206473,221991,177499,95139,45059,3570,5,17,17,10,10,54
291,"7,683",,162943,157827,43752,60832,78153,78286,98798,107917,91758,38596,20906,1425,13,4,6,3,3,16
292,"1,253",33355,2036307,1855539,394715,544053,1181131,1142665,1146341,1247493,1091264,606827,247306,7183,14,75,136,36,18,265
293,11217.23,30310,654265,645405,171138,252471,387007,331748,397772,421674,350847,162990,67799,4715,4,18,18,11,7,54
294,,7,577743,564747,144453,221544,338460,282911,345182,370442,320090,154325,64745,4237,31,17,12,11,8,48
295,"23,609.14",351,553138,539730,135433,211669,324532,268726,327637,353716,307426,149311,62606,4021,22,16,10,11,8,45
296,,,583430,570048,145757,223427,341459,285039,347934,373486,322021,155156,65084,4257,14,17,12,11,8,48
297,40774,103448,654265,645405,171138,252471,387007,331748,397772,421674,350847,162990,67799,4715,4,18,18,11,7,54
298,9000,226,603394,590390,151731,229936,350538,294008,359393,384636,329229,157925,65756,4242,19,18,14,12,8,52
299,"5,383",,475222,467684,138074,192554,284720,254738,299621,303630,239293,103062,40755,2980,5,11,13,7,3,34
300,10872,38216,654265,645405,171138,252471,387007,331748,397772,421674,350847,162990,67799,4715,4,18,18,11,7,54
301,,,513588,503505,140672,198658,304808,268178,315653,325347,264950,120086,48417,3310,9,14,13,8,3,38
302,1453,1687,672535,660412,176929,259952,392690,336812,408499,430999,358386,166771,69198,4828,21,22,19,14,7,62
303,,53,472431,460019,126809,182544,275416,239804,286832,297738,243895,112528,45887,3069,15,11,10,6,3,30
304,209.28,,1077034,989210,223761,309461,489182,482993,601571,673766,697395,399173,155656,7961,2,27,25,10,21,83
305,"6,700",5794,808935,763617,173643,268390,385289,350084,464848,558352,488479,257903,107615,4921,12,32,14,13,12,71
306,431,,589065,584225,147285,222880,352291,298771,354873,383522,322792,153380,64256,4231,8,17,16,10,9,52
307,23312.39,15693,749123,709778,175042,245562,362401,342724,436497,515970,445628,230248,95207,4617,19,24,8,12,10,54
308,"26,793.75",84988,896562,847934,190314,294973,426401,386771,515023,624707,539066,285755,120373,5484,15,34,15,15,15,79
309,"10,124",2938,789832,744855,184271,265549,370070,353781,464621,543658,470055,244834,101853,4914,14,28,8,12,13,61
310,,189,871333,824086,189492,290214,416409,379342,504213,603462,529142,279613,116456,5222,22,33,14,15,13,75
311,3092,67588,864588,818030,183441,283591,411383,373624,498214,604910,520788,278289,117407,5367,9,33,15,15,15,78
312,238,15006,896597,850431,207248,304445,435739,402866,528362,623651,525997,270297,111600,5143,9,32,12,14,15,73
313,389,,666588,631390,140631,215250,324162,292422,383570,458124,401597,223513,97142,4796,11,27,15,10,10,62
314,66100,39816,867140,820214,198602,292045,413888,386065,508094,597419,516915,269401,111162,5011,3,31,14,13,13,71
315,816.23,26687,49681,53296,18694,20527,19767,28695,36595,32724,24763,12680,7104,461,8,3,4,1,2,10
316,3.584,,16023,15475,3286,5735,6245,5798,7598,13426,12924,6652,4110,316,11,1,5,1,2,9
317,357,758,44883,47860,20944,17454,18151,30804,33194,25853,20670,9099,4341,408,8,1,0,1,1,3
318,527.67,288,337595,326584,94708,129281,156741,159060,214800,242719,193638,85797,31728,1761,19,6,1,3,4,14
319,9230,28767,669265,632695,158789,221419,318847,308901,394289,465728,404915,207937,85561,4176,4,23,6,12,10,51
320,,,8203,8429,1350,2605,3450,2419,3750,5822,7106,3956,2208,91,12,2,1,1,2,6
321,1171,29150,1031415,974980,265111,340078,500798,557595,645792,650902,563829,281893,98341,4219,16,28,9,5,7,49
322,"2,615",6495,44890,44078,11641,17469,17040,17409,24606,28580,29717,16887,11138,1176,5,3,2,1,1,7
323,"1,471",7140,1262459,1170307,262732,380997,669900,637962,728792,817290,724515,395003,158940,5518,38,51,23,11,9,94
324,13167,7976,1322689,1228986,283525,402673,684619,667218,771767,855176,757309,409824,163466,5583,17,49,20,14,9,92
325,9349,26572,2002886,1853705,410195,561421,1209038,1239181,1182207,1191287,997150,552541,204774,5648,3,68,112,35,14,229
326,"2,023.53",212,12956,12151,1411,3416,2371,2585,4954,8535,11221,7582,5258,606,2,2,2,1,2,7
327,1039,22328,164746,167318,54226,59958,73608,94506,116788,117012,97262,42465,13143,450,0,6,4,1,1,12
328,7934,14278,2091907,1905476,423889,579148,1232133,1219229,1216934,1263937,1072777,606897,239725,6351,22,83,135,34,16,268
329,9994,14536,715250,723233,204605,280544,355160,380407,486961,504186,377938,151317,58422,4025,10,23,8,5,5,41
330,5193,3802,141290,138006,38913,57392,57455,58470,89284,90501,79970,48300,22738,1583,10,6,11,3,2,22
331,5610.71,,43648,43179,11502,14068,16770,18773,22730,25308,24608,16420,10760,1224,10,3,5,1,2,11
332,1644.7,29141,1939773,1796832,423689,589748,1050517,1131055,1172177,1196502,1034596,545496,184879,6404,28,77,55,30,13,175
333,22283.61,46798,1553845,1436433,307438,436359,866760,826662,874296,984522,879207,480160,193731,6402,6,68,80,25,15,188
334,424,3103,1896306,1788724,394591,530542,1111681,1159635,1108212,1152735,1021589,535756,188424,6573,15,63,19,19,14,115
335,717,2635,245552,233759,64084,83464,110456,109202,150842,151768,152168,84719,33636,2537,7,5,8,4,4,21
336,"2,554.89",,110572,121350,36943,43707,48274,65056,79084,81167,72204,26527,6141,319,15,4,1,1,2,8
337,"5,868",1747,154128,154859,34917,53413,75953,68465,91368,125032,93879,38836,16179,1202,9,4,9,4,6,23
338,18383,33287,162708,164258,55283,72833,64684,82211,121670,118527,78741,31910,11873,1052,14,7,4,3,3,17
339,43782.2,12871,206877,206278,55797,85695,96817,93586,139494,164021,110908,44630,17932,1511,21,4,10,4,5,23
340,407,,223261,222105,60688,94229,101516,99217,151208,173122,116308,47142,18549,1503,24,5,10,5,5,25
341,"3,780",,157880,158155,35891,54667,76855,69041,92951,126169,92886,37747,15729,1195,0,4,10,4,5,23
342,"18,383",3909,180733,179295,56682,80282,73922,88533,130846,135375,88816,33119,11578,868,11,5,5,2,1,13
343,2167,9891,596899,567725,191714,230459,257719,327170,415427,400985,281681,117628,52283,3464,28,19,5,6,6,36
344,1789,10572,49046,48624,9597,15887,18192,17053,24406,34358,35702,21069,12587,1091,8,1,1,2,3,7
345,519,1221,54472,54189,9489,16786,19455,18293,26197,36563,39669,23933,14110,1178,0,2,1,2,3,8
346,"4,867",9104,27910,26638,5542,9376,8099,8508,14006,17782,19476,12847,8742,966,7,3,3,1,2,9
347,"1,636.23",5206,44416,43469,17020,20531,18829,23754,34622,36619,29770,16990,7975,472,23,5,11,2,2,20
348,"2,025",,1445311,1387223,317140,411345,841338,874012,843604,892288,786012,405418,145891,5140,17,47,12,15,12,86
349,"9,115.58",,1639670,1558489,355533,474747,945820,989417,967909,1008853,888115,467726,164884,5645,10,49,15,18,12,94
350,6089,11371,525786,490460,124099,166142,229276,232931,303620,341976,345622,183716,68619,4338,7,16,13,3,7,39
351,,2010,17616,17235,3979,7068,5221,5903,10305,12235,10904,7240,4098,301,5,4,3,1,4,12
352,6424,13275,1534637,1469743,336930,439112,888982,926551,899949,947217,840080,435833,153663,5375,16,50,14,18,12,94
353,"4,607.30",,344912,357290,101428,129064,158674,181377,223207,265331,209605,80320,22441,1090,20,9,5,4,5,23
354,"6,222.45",1709,776079,758527,201359,280583,395362,418049,482338,554430,430087,173180,70103,3939,22,29,8,7,5,49
355,"24,926",39687,657508,642259,174900,232871,325563,360383,405664,465973,370039,146721,58832,3258,27,27,8,5,5,45
356,"2,239",,6754,6910,1678,1881,1721,2753,3754,4657,5495,3406,2316,311,8,1,1,1,2,5
357,1201,,123814,123762,33565,45282,48167,52407,78280,82197,74495,42861,19681,1814,2,7,7,3,2,19
358,20417,32932,123445,123543,34175,45434,48073,53157,78419,81587,73792,42243,19367,1755,11,7,7,3,2,19
359,1044,1180,122635,122556,34016,45190,47995,53048,78049,81183,73062,41793,18851,1681,10,7,6,3,2,18
360,532,138065,1902076,1755846,378985,517953,1204313,1187916,1103485,1111215,930139,524684,195305,5251,11,67,130,36,15,248
361,,4837,1893937,1722499,391112,522999,1101407,1091247,1087162,1126670,958293,539797,220462,5746,15,75,132,30,18,255
362,,51053,1922845,1749049,396720,530556,1123903,1111064,1105340,1143726,973624,549421,224126,5839,13,76,130,30,17,253
363,22478,45292,526496,501512,132554,190063,278643,245299,311990,342256,281852,152781,63487,4095,23,20,26,14,12,72
364,9579,63,19752,19170,2386,6014,7941,4930,8179,12932,15822,9730,6364,642,2,1,7,2,2,12
365,20324,4853,1146510,1062865,239005,326759,537575,518562,634995,725093,751686,418431,158571,8618,10,30,30,11,28,99
366,9523,,27862,26291,5618,8653,8190,8195,13655,18857,18811,12822,8560,770,0,3,3,3,1,10
367,29615,,311025,298169,80641,123785,164971,141948,185641,201771,161112,85346,39234,3144,15,13,18,8,6,45
368,8899,,3110,2908,976,1102,1053,1304,2016,2464,2599,1647,1072,45,1,0,4,1,0,5
369,,158255,2123608,1936436,431473,601855,1256327,1239647,1240250,1275506,1071468,603221,233968,6267,4,88,141,39,16,284
370,240,28564,2000387,1821664,405106,537976,1182232,1168003,1145205,1197248,1021803,578593,234054,6147,40,81,137,32,14,264
371,5435,77610,1326002,1229543,283436,406083,767081,809846,812314,798057,670759,374068,126310,3880,13,48,44,19,7,118
372,52487,13164,1019754,963296,232022,341414,579142,597942,629955,623803,506324,262987,85288,3012,11,34,21,13,4,72
373,10430,,199336,212289,62863,86326,97518,112602,144632,144544,93720,34065,16038,1570,17,8,3,1,0,12
374,4815,,1373351,1296045,334214,427805,723124,766623,838318,853860,757842,381489,132442,5134,21,42,15,10,9,76
375,4367.53,20010,1474330,1387030,349855,457464,789623,814081,890540,915420,809367,413129,146562,5417,11,42,22,14,10,88
376,5543,12425,1966552,1841422,406335,546993,1159642,1197253,1139165,1179321,1042080,547211,193684,6796,27,64,19,22,15,120
377,3586,2876,1975910,1849564,409886,550392,1162879,1201704,1145353,1183892,1045385,549269,194652,6790,29,64,19,22,15,120
378,,,10008,9177,1392,3099,3621,2622,4187,6824,7346,5363,4408,627,6,2,2,1,1,6
379,7793,,10017,10597,1794,2796,2888,3046,4812,6771,7016,3561,2176,194,11,1,2,1,2,6
380,507.47,514,1729831,1571391,356338,479908,1007255,992652,989217,1035357,881018,494142,206023,5630,17,67,123,28,18,236
381,425.88,,10567,10493,2635,4069,3053,3352,6426,7467,7570,4776,3105,370,14,1,1,1,0,3
382,1387,,711517,686371,199000,284413,379058,341885,452153,468259,349319,178820,75106,5373,12,27,21,15,16,79
383,4960,253,531585,506708,132917,191177,280584,245936,313822,344529,283235,153441,63829,4143,7,20,27,14,12,73
384,376.8,254,651580,625967,178842,254220,342905,310319,408590,422846,325102,170764,71266,5018,9,24,21,15,15,75
385,624.6,,613736,588234,164173,237516,329441,290083,380028,403319,309952,162664,68777,4845,12,21,26,14,13,74
386,3305,,597585,572897,157264,230272,320740,280541,368234,392640,301826,159158,67077,4583,6,21,26,14,13,74
387,4513,,467749,442959,111333,162055,248323,213435,269883,303284,262246,147587,63726,4353,20,18,25,11,13,67
388,13808,194,468729,444633,113237,164205,250288,216057,272536,303336,259992,144451,60079,3789,5,18,25,13,12,68
389,8357,1223,699898,673078,195950,279461,371225,335624,444986,457952,343825,177451,74174,5211,1,25,22,15,16,78
390,,18353,700200,675913,195113,280618,373010,335350,445131,460436,341599,173994,72917,5249,8,23,16,14,12,65
391,4185,3846,113331,112085,39867,48802,50170,55355,74079,80150,56551,23723,12287,1497,7,7,2,1,2,12
392,625,5318,383605,372930,115158,163771,199452,190091,261712,259292,177535,85447,34928,2700,19,8,3,7,6,24
393,3448,,426132,415612,122097,177569,235142,208957,277482,284095,190868,89274,38196,3202,11,10,8,5,2,25
394,320,,1688332,1622565,361311,492355,940231,998580,998047,1072799,948330,468377,161727,6706,25,60,11,20,13,104
395,727,,1664412,1602799,351555,477847,955110,989879,976847,1049010,929323,468669,163077,6263,12,54,11,20,13,98
396,1042,9172,1779573,1706428,379692,515726,1020778,1066618,1049754,1117178,986827,494925,171264,6812,29,60,13,20,14,107
397,2314,,1654253,1590755,349935,472319,961084,992132,971672,1039060,922923,470734,163467,6021,14,54,10,19,13,96
398,3053.45,4855,1602389,1517922,347236,453674,935246,992487,944841,981787,844972,443332,159558,5424,13,48,28,20,12,108
399,22237,15568,1015115,967577,227695,308737,588481,600408,598347,638516,545350,273033,94005,3617,31,34,21,13,7,75
400,1225,20564,38275,35700,5291,13131,20802,11723,16655,23058,25633,14335,9078,832,13,3,9,1,2,15
401,5759.74,,7633,7078,1097,1961,1759,1718,3091,4807,5507,3524,2593,229,20,1,1,1,2,5
402,5634,,10353,9592,943,1348,1379,1628,3458,6688,8781,6954,5788,632,0,2,3,1,1,7
403,4049,7932,14541,14387,2243,3900,3141,3670,6015,9245,11893,8148,6219,484,11,3,2,2,2,9
404,27911.12,105239,687872,637749,170051,229626,318076,361386,425974,475795,362971,167298,82359,4303,15,21,11,4,5,41
405,10842,132955,675742,634015,203268,258445,294137,352385,452645,472809,324747,141046,71249,3921,12,24,7,7,7,45
406,815,422,616436,574718,157644,212054,278246,315312,385005,434569,318996,143517,73476,4083,31,18,11,4,5,38
407,3691,,16111,16017,1334,3121,2699,3396,6190,10231,14564,9984,6424,585,0,1,2,1,2,6
408,413.82,,6391,6475,1666,1392,2164,2807,2885,4121,5374,3122,1774,138,9,2,1,2,2,7
409,4415,,6021,6086,2097,1346,2742,3120,2894,3798,4920,2689,1514,104,17,2,3,2,2,9
410,1654,,1068314,1031167,281837,369359,519442,594437,680907,756330,616297,247246,93104,5934,0,35,10,11,9,65
411,2129.5,4451,1040871,1010797,275659,356930,501821,579988,660320,736095,596325,234493,89019,5775,11,36,9,13,9,67
412,4095,3773,38179,37592,11376,17659,15053,16476,26700,28921,23029,11705,6279,606,8,2,0,1,0,3
413,6163.98,28015,75774,73786,17485,26264,32057,28254,42602,54647,50004,27120,14118,1351,2,3,9,2,2,16
414,,,173981,173941,43741,59898,66419,73757,100694,124182,120685,56552,21931,1996,6,6,3,5,1,15
415,2464,41319,163026,158606,43322,63106,80985,71789,95684,104800,94812,49901,23463,1750,5,9,8,2,2,21
416,967,4830,212993,205234,57920,83758,108153,98405,132381,142216,116035,57952,25426,1556,6,4,7,1,3,15
417,191.49,856,17824,17185,3686,4672,3620,5120,7099,9390,12404,8113,6122,545,3,2,2,1,0,5
418,35126,,9143,8955,743,1847,1375,1456,2929,6349,9536,6599,4439,412,5,1,2,1,2,6
419,56835,151750,1048528,1044712,334958,434064,558551,617967,740176,676981,446870,198890,73023,3648,16,41,18,11,4,74
420,26896,,928654,913444,310800,397998,480517,546240,672905,577387,365294,174096,66186,3898,20,32,16,11,3,62
421,360,3385,471612,461586,179762,194109,200868,282505,351990,303373,219210,87501,31161,2155,8,12,4,3,4,23
422,2580,1848,23492,22584,3433,7184,5448,5751,9662,15666,18119,11911,8485,789,5,2,1,2,1,6
423,4158,13056,23287,22390,3379,7064,5384,5653,9476,15499,17977,11848,8477,789,5,2,1,2,1,6
424,7630,3580,93254,101085,33207,41657,27667,48330,74496,66434,48764,18146,6613,524,8,6,2,1,0,9
425,10691.99,14523,72242,77418,28710,32814,21055,40572,59568,49950,36419,13352,4427,298,19,4,2,1,1,8
426,4802,,10873,10168,1106,1743,1973,2127,3225,6190,7847,6202,5102,466,3,1,3,1,1,6
427,,26409,138924,131719,34470,52283,75203,61489,75909,85770,78067,38139,21843,1359,8,9,14,4,2,29
428,858,1097,1606271,1499931,359460,479816,842208,942242,967957,1009395,877243,437081,160512,6671,10,52,16,15,9,92
429,11228,9034,1353311,1240930,262383,394253,740172,695283,762117,865051,771853,429920,178862,5848,23,59,84,19,14,176
430,6764,42637,90534,88855,19302,31583,46466,34678,51945,59339,57215,31298,15316,1128,9,3,15,4,3,25
431,4115,4858,89777,88027,19295,31549,46203,34606,51752,58896,56549,30940,15063,1126,12,3,14,4,3,24
432,474,,1598196,1498720,388723,502420,817255,943482,995576,982913,854237,429423,132920,5155,26,58,24,14,6,102
433,6210.91,31873,1148748,1081526,311960,361578,556165,683579,724553,703934,619393,297476,89621,3828,13,32,17,9,7,65
434,1329,18040,106010,119633,37650,49242,58906,70534,86422,70400,37647,12143,5451,600,3,3,0,1,0,4
435,804.5,,1534377,1416191,359444,477677,796487,921881,954549,937471,796135,415831,130969,4790,26,54,44,19,6,123
436,1843,66,10397,10456,1843,2965,4055,3712,5411,7695,9628,5063,2851,216,5,1,1,1,1,4
437,563,82,1143019,1112978,283369,380159,565992,623938,714154,797444,671358,285531,109942,7105,16,40,20,18,14,92
438,1347,,38223,36833,8134,13158,12144,11985,21116,26672,24182,15997,10310,912,9,3,3,3,2,11
439,10890,,2193667,2036058,452564,610489,1274719,1330623,1279528,1311673,1146509,622397,228259,7120,17,70,65,32,18,185
440,439,11541,1027212,1024100,319401,418199,551649,601818,714643,667471,444641,200483,74889,3754,16,39,16,10,4,69
441,1408,48752,711517,686371,199000,284413,379058,341885,452153,468259,349319,178820,75106,5373,12,27,21,15,16,79
442,19812,10609,280060,278263,68521,94925,120325,128086,168511,196469,180785,83840,30842,2212,10,8,5,1,3,17
443,32137,74532,894513,818113,190696,264357,412325,402356,507028,558006,565480,323528,125972,6517,13,24,23,9,13,69
444,7333,1356,1281748,1205776,313269,402204,656019,706231,785199,802042,706532,357598,125605,5030,33,35,9,9,7,60
